ItemID;ItemTextName;ItemTextName2;ItemTextName3
21810;ADIDAS Damen Hooded Kapuzenjacke Sweatjacke Jacke grau;ADIDAS Damen Hooded Kapuzenjacke Sweatjacke Jacke grau;ADIDAS Damen Hooded Kapuzenjacke Sweatjacke Jacke grau
189666;Russische MARINESHIRT Streifen Sailor Marinehemd Matrosenhemd T-Shirt Marine ;Russische MARINESHIRT Streifen Sailor Marinehemd Matrosenhemd T-Shirt Marine ;Russische MARINESHIRT Streifen Sailor Marinehemd Matrosenhemd T-Shirt Marine 
189673;MFH Russisches Marine T-Shirt langarm Longsleeve blau-weiss;MFH Russisches Marine T-Shirt langarm Longsleeve blau-weiss;MFH Russisches Marine T-Shirt langarm Longsleeve blau-weiss
189679;Russisches Marine Tank rundhals blau-weiss;Russisches Marine Tank rundhals blau-weiss;Russisches Marine Tank rundhals blau-weiss
189698;Pure Trash 81 Polo-Shirt blau S M L XL XXL;Pure Trash 81 Polo-Shirt blau S M L XL XXL;Pure Trash 81 Polo-Shirt blau S M L XL XXL
189770;Pure Trash Zipper Sweatjacke Jacke schwarz;Pure Trash Zipper Sweatjacke Jacke schwarz;Pure Trash Zipper Sweatjacke Jacke schwarz
189776;Russische Marine WINTER T-Shirt Longsleeve blau-weiß;Russische Marine WINTER T-Shirt Longsleeve blau-weiß;Russische Marine WINTER T-Shirt Longsleeve blau-weiß
189782;MFH Pilotenhemd, blaugrau, , kurzarm;MFH Pilotenhemd, blaugrau, , kurzarm;MFH Pilotenhemd, blaugrau, , kurzarm
189810;MFH Poncho Vinyl oliv 8203 ;MFH Poncho Vinyl oliv 8203 ;MFH Poncho Vinyl oliv 8203 
189811;Netzmantel mit Schlaufen zur Tarnung oliv ;Netzmantel mit Schlaufen zur Tarnung oliv ;Netzmantel mit Schlaufen zur Tarnung oliv 
189812;Pelz Hut, Trapper, 10010 ;Pelz Hut, Trapper, 10010 ;Pelz Hut, Trapper, 10010 
189817;MFH Fellmütze schwarz mit grauem Kaninchenfell 10020 ;MFH Fellmütze schwarz mit grauem Kaninchenfell 10020 ;MFH Fellmütze schwarz mit grauem Kaninchenfell 10020 
189822;FOX Leder-Fellmütze Hasenfell Wintermütze Pelzmütze ;FOX Leder-Fellmütze Hasenfell Wintermütze Pelzmütze ;FOX Leder-Fellmütze Hasenfell Wintermütze Pelzmütze 
189829;"Baseball Cap ""Deutschland"" schwarz/rot/gold mit Klettverschluss";"Baseball Cap ""Deutschland"" schwarz/rot/gold mit Klettverschluss";"Baseball Cap ""Deutschland"" schwarz/rot/gold mit Klettverschluss"
189830;Moskito Kopfnetz, Stoffeinsatz, oliv/woodland, Gummizug;Moskito Kopfnetz, Stoffeinsatz, oliv/woodland, Gummizug;Moskito Kopfnetz, Stoffeinsatz, oliv/woodland, Gummizug
189831;Moskito Kopfnetz, Stoffeinsatz, oliv, Metallring;Moskito Kopfnetz, Stoffeinsatz, oliv, Metallring;Moskito Kopfnetz, Stoffeinsatz, oliv, Metallring
189832;US Army Helmgummi, oliv, mit Leuchtpunkten;US Army Helmgummi, oliv, mit Leuchtpunkten;US Army Helmgummi, oliv, mit Leuchtpunkten
189833;Strohhut, mit Hutband, braun;Strohhut, mit Hutband, braun;Strohhut, mit Hutband, braun
189834;Strohhut, mit Kinnband, hellbraun;Strohhut, mit Kinnband, hellbraun;Strohhut, mit Kinnband, hellbraun
189835;White Mountain Panamahut Strohhut weiß;White Mountain Panamahut Strohhut weiß;White Mountain Panamahut Strohhut weiß
189836;Cooler Playershut Sommer Hut schwarz mit rotem Band;Cooler Playershut Sommer Hut schwarz mit rotem Band;Cooler Playershut Sommer Hut schwarz mit rotem Band
189837;Cooler Playershut Sommer Hut lässigem Band schwarz;Cooler Playershut Sommer Hut lässigem Band schwarz;Cooler Playershut Sommer Hut lässigem Band schwarz
189838;Bundeswehr BW Unterhemd, halbarm, oliv, Größen 4 5 6 7 8 Herren;Bundeswehr BW Unterhemd, halbarm, oliv, Größen 4 5 6 7 8 Herren;Bundeswehr BW Unterhemd, halbarm, oliv, Größen 4 5 6 7 8 Herren
189844;Bundeswehr BW Unterhemd, halbarm, oliv, Größen 9 10 Herren Unterwäsche;Bundeswehr BW Unterhemd, halbarm, oliv, Größen 9 10 Herren Unterwäsche;Bundeswehr BW Unterhemd, halbarm, oliv, Größen 9 10 Herren Unterwäsche
189847;Bundeswehr BW lange Unterhose in oliv;Bundeswehr BW lange Unterhose in oliv;Bundeswehr BW lange Unterhose in oliv
189853;Bundeswehr BW Plüschunterhose - oliv;Bundeswehr BW Plüschunterhose - oliv;Bundeswehr BW Plüschunterhose - oliv
189856;Bundeswehr BW Plüschunterhose - oliv;Bundeswehr BW Plüschunterhose - oliv;Bundeswehr BW Plüschunterhose - oliv
189864;Bundeswehr BW Plüschunterhemd - oliv;Bundeswehr BW Plüschunterhemd - oliv;Bundeswehr BW Plüschunterhemd - oliv
189872;Bundeswehr BW Stiefelsocken Socken oliv;Bundeswehr BW Stiefelsocken Socken oliv;Bundeswehr BW Stiefelsocken Socken oliv
189876;Bundeswehr BW Socken, Keilferse, grau, kurze Form;Bundeswehr BW Socken, Keilferse, grau, kurze Form;Bundeswehr BW Socken, Keilferse, grau, kurze Form
189883;"Trekking Socken Modell ""Lusen"" oliv mit gepolsterter Ferse und Sohle";"Trekking Socken Modell ""Lusen"" oliv mit gepolsterter Ferse und Sohle";"Trekking Socken Modell ""Lusen"" oliv mit gepolsterter Ferse und Sohle"
189887;MFH Socken Trekkingsocken Arber Gepolsterte Sohle, oliv;MFH Socken Trekkingsocken Arber Gepolsterte Sohle, oliv;MFH Socken Trekkingsocken Arber Gepolsterte Sohle, oliv
189891;Polar Wintersocken oliv-weiß ;Polar Wintersocken oliv-weiß ;Polar Wintersocken oliv-weiß 
189895;Lederhandschuhe, ohne Finger, mit Nieten, schwarz;Lederhandschuhe, ohne Finger, mit Nieten, schwarz;Lederhandschuhe, ohne Finger, mit Nieten, schwarz
189901;Leder Trainingshandschuhe ohne Finger schwarz;Leder Trainingshandschuhe ohne Finger schwarz;Leder Trainingshandschuhe ohne Finger schwarz
189907;Lederhandschuhe, schwarz, mit schnitthemmend.KEVLAR(R)-Einl.;Lederhandschuhe, schwarz, mit schnitthemmend.KEVLAR(R)-Einl.;Lederhandschuhe, schwarz, mit schnitthemmend.KEVLAR(R)-Einl.
189914;Lederhandschuhe, schwarz, mit Quarzsandfüllung ;Lederhandschuhe, schwarz, mit Quarzsandfüllung ;Lederhandschuhe, schwarz, mit Quarzsandfüllung 
189920;Leder Einsatzhandschuhe schwarz mit Verstärkung;Leder Einsatzhandschuhe schwarz mit Verstärkung;Leder Einsatzhandschuhe schwarz mit Verstärkung
189932;Microfasertuch im Netzbeutel mit Karabiner für Trekking Outdoor;Microfasertuch im Netzbeutel mit Karabiner für Trekking Outdoor;Microfasertuch im Netzbeutel mit Karabiner für Trekking Outdoor
189933;Magisches Tuch, weiß, Microfaser, 5 Stk. im Beutel;Magisches Tuch, weiß, Microfaser, 5 Stk. im Beutel;Magisches Tuch, weiß, Microfaser, 5 Stk. im Beutel
189934;Bundeswehr BW Taschentuch, Gr. 50x50 cm, 3-er Pack;Bundeswehr BW Taschentuch, Gr. 50x50 cm, 3-er Pack;Bundeswehr BW Taschentuch, Gr. 50x50 cm, 3-er Pack
189935;Bundeswehr BW Springerstiefel Stiefel;Bundeswehr BW Springerstiefel Stiefel;Bundeswehr BW Springerstiefel Stiefel
189950;Bundeswehr BW KAMPFSTIEFEL MODELL 2000 STIEFEL;Bundeswehr BW KAMPFSTIEFEL MODELL 2000 STIEFEL;Bundeswehr BW KAMPFSTIEFEL MODELL 2000 STIEFEL
189963;Bundeswehr BW Bergstiefel ;Bundeswehr BW Bergstiefel ;Bundeswehr BW Bergstiefel 
189977;MFH Bundeswehr BW Bergschuh, Modell 2005, Breathtex-Fütterung ;MFH Bundeswehr BW Bergschuh, Modell 2005, Breathtex-Fütterung ;MFH Bundeswehr BW Bergschuh, Modell 2005, Breathtex-Fütterung 
189991;FOX Gummistiefel Filz Stiefel Jagd Ansitzstiefel schwarz 39-46;FOX Gummistiefel Filz Stiefel Jagd Ansitzstiefel schwarz 39-46;FOX Gummistiefel Filz Stiefel Jagd Ansitzstiefel schwarz 39-46
190001;Halbschuhe UK 3-Loch mit Stahlkappe ;Halbschuhe UK 3-Loch mit Stahlkappe ;Halbschuhe UK 3-Loch mit Stahlkappe 
190013;Springerstiefel UK 10-Loch  Stiefel mit Stahlkappe;Springerstiefel UK 10-Loch  Stiefel mit Stahlkappe;Springerstiefel UK 10-Loch  Stiefel mit Stahlkappe
190025;Springerstiefel UK 14-Loch Stiefel mit Stahlkappe;Springerstiefel UK 14-Loch Stiefel mit Stahlkappe;Springerstiefel UK 14-Loch Stiefel mit Stahlkappe
190037;Bundeswehr BW Schnürsenkel, schwarz, für Kampfstiefel, Länge 160 cm;Bundeswehr BW Schnürsenkel, schwarz, für Kampfstiefel, Länge 160 cm;Bundeswehr BW Schnürsenkel, schwarz, für Kampfstiefel, Länge 160 cm
190038;Schnürsenkel Schuhband Schnürband für Kampfstiefel schwarz, Länge 180 cm;Schnürsenkel Schuhband Schnürband für Kampfstiefel schwarz, Länge 180 cm;Schnürsenkel Schuhband Schnürband für Kampfstiefel schwarz, Länge 180 cm
190039;Schnürsenkel Schuhband Schnürband, schwarz, Länge 110 cm;Schnürsenkel Schuhband Schnürband, schwarz, Länge 110 cm;Schnürsenkel Schuhband Schnürband, schwarz, Länge 110 cm
190040;Stiefel Schnellverschluss;Stiefel Schnellverschluss;Stiefel Schnellverschluss
190041;Bundeswehr BW Nässeschutzgamaschen, flecktarn, atmungsaktiv;Bundeswehr BW Nässeschutzgamaschen, flecktarn, atmungsaktiv;Bundeswehr BW Nässeschutzgamaschen, flecktarn, atmungsaktiv
190042;Bundeswehr BW Gamasche, oliv, mit Membran, wasserdicht;Bundeswehr BW Gamasche, oliv, mit Membran, wasserdicht;Bundeswehr BW Gamasche, oliv, mit Membran, wasserdicht
190043;Bundeswehr BW Gamasche, woodland, mit Membran, wasserdicht;Bundeswehr BW Gamasche, woodland, mit Membran, wasserdicht;Bundeswehr BW Gamasche, woodland, mit Membran, wasserdicht
190099;Trio Leuchtstab, 3 Funktionen, m. Pfeife, div. Farben;Trio Leuchtstab, 3 Funktionen, m. Pfeife, div. Farben;Trio Leuchtstab, 3 Funktionen, m. Pfeife, div. Farben
190100;LED-Taschenlampe 3 Watt Alu-Gehäuse wiederaufladbar ;LED-Taschenlampe 3 Watt Alu-Gehäuse wiederaufladbar ;LED-Taschenlampe 3 Watt Alu-Gehäuse wiederaufladbar 
190101;LED Leuchte Pocket, 1 Watt, silbernes Aluminiumgehäuse ;LED Leuchte Pocket, 1 Watt, silbernes Aluminiumgehäuse ;LED Leuchte Pocket, 1 Watt, silbernes Aluminiumgehäuse 
190102;LED Leuchte im wasserdichten ALU-Gehäuse, 3 LED super hell ;LED Leuchte im wasserdichten ALU-Gehäuse, 3 LED super hell ;LED Leuchte im wasserdichten ALU-Gehäuse, 3 LED super hell 
190103;US Army Blocktaschenlampe, oliv, ;US Army Blocktaschenlampe, oliv, ;US Army Blocktaschenlampe, oliv, 
190104;Stativ-Taschenlampe, schwarz, 3 LED ;Stativ-Taschenlampe, schwarz, 3 LED ;Stativ-Taschenlampe, schwarz, 3 LED 
190105;Handstrahler, wiederaufladbar, gelb, drehbarer Griff, 1 MCP ;Handstrahler, wiederaufladbar, gelb, drehbarer Griff, 1 MCP ;Handstrahler, wiederaufladbar, gelb, drehbarer Griff, 1 MCP 
190106;FOX 26405 Stirnlampe 7 LED 3x LED rot 4 LED weiß;FOX 26405 Stirnlampe 7 LED 3x LED rot 4 LED weiß;FOX 26405 Stirnlampe 7 LED 3x LED rot 4 LED weiß
190107;Stirnlampe mit 2.4V/0.25 Crypton Birne wasserdicht schwarz ;Stirnlampe mit 2.4V/0.25 Crypton Birne wasserdicht schwarz ;Stirnlampe mit 2.4V/0.25 Crypton Birne wasserdicht schwarz 
190108;FOX Outdoor Stirnlampe, 8 LED, schwarz, wasserdicht und 90Grad schwenkbar ;FOX Outdoor Stirnlampe, 8 LED, schwarz, wasserdicht und 90Grad schwenkbar ;FOX Outdoor Stirnlampe, 8 LED, schwarz, wasserdicht und 90Grad schwenkbar 
190109;Stirnlampe 3 LED + 1 Crypton wasserdicht schwarz ;Stirnlampe 3 LED + 1 Crypton wasserdicht schwarz ;Stirnlampe 3 LED + 1 Crypton wasserdicht schwarz 
190110;Stirnlampe 4 LED schmal und leicht wasserdicht schwarz ;Stirnlampe 4 LED schmal und leicht wasserdicht schwarz ;Stirnlampe 4 LED schmal und leicht wasserdicht schwarz 
190111;Stirnlampe 3LED + 1 Birne 0,25 W wasserdicht schwarz ;Stirnlampe 3LED + 1 Birne 0,25 W wasserdicht schwarz ;Stirnlampe 3LED + 1 Birne 0,25 W wasserdicht schwarz 
190112;Stirnlampe 1 Watt Luxeon 1W LED mit ABS Gehäuse ;Stirnlampe 1 Watt Luxeon 1W LED mit ABS Gehäuse ;Stirnlampe 1 Watt Luxeon 1W LED mit ABS Gehäuse 
190113;Stirnlampe, 1 Watt Luxeon, 1 LED weiß, 2 LED rot ;Stirnlampe, 1 Watt Luxeon, 1 LED weiß, 2 LED rot ;Stirnlampe, 1 Watt Luxeon, 1 LED weiß, 2 LED rot 
190114;Cap Kappe-Light mit 5 LED incl. 2 Ersatz Knopfzellen ;Cap Kappe-Light mit 5 LED incl. 2 Ersatz Knopfzellen ;Cap Kappe-Light mit 5 LED incl. 2 Ersatz Knopfzellen 
190115;Camping-Laterne 17 LED wasserdicht silber-schwarz ;Camping-Laterne 17 LED wasserdicht silber-schwarz ;Camping-Laterne 17 LED wasserdicht silber-schwarz 
190117;Taschenlampenhalter mit Ring, schwarz ;Taschenlampenhalter mit Ring, schwarz ;Taschenlampenhalter mit Ring, schwarz 
190118;Wiederaufladbare Batterie, Mono, 1,2 V, 2-er Pack ;Wiederaufladbare Batterie, Mono, 1,2 V, 2-er Pack ;Wiederaufladbare Batterie, Mono, 1,2 V, 2-er Pack 
190119;Sturmlaterne, Zink, Höhe 30 cm ;Sturmlaterne, Zink, Höhe 30 cm ;Sturmlaterne, Zink, Höhe 30 cm 
190120;Docht für Sturmlaterne, (für Art.-Nr. 26803) ;Docht für Sturmlaterne, (für Art.-Nr. 26803) ;Docht für Sturmlaterne, (für Art.-Nr. 26803) 
190121;Fackeln, 3er-Pack, 40 cm lang ;Fackeln, 3er-Pack, 40 cm lang ;Fackeln, 3er-Pack, 40 cm lang 
190122;Wachsfackel 3 Stk. 55 cm ;Wachsfackel 3 Stk. 55 cm ;Wachsfackel 3 Stk. 55 cm 
190123;Lawinenschaufel Deluxe ;Lawinenschaufel Deluxe ;Lawinenschaufel Deluxe 
190124;Lawinenschaufel, 3 teilig, ausziehbar, orange ;Lawinenschaufel, 3 teilig, ausziehbar, orange ;Lawinenschaufel, 3 teilig, ausziehbar, orange 
190125;Klappspaten, Plastikgriff, 3-teilig, schwarz, mit Tasche ;Klappspaten, Plastikgriff, 3-teilig, schwarz, mit Tasche ;Klappspaten, Plastikgriff, 3-teilig, schwarz, mit Tasche 
190126;Bundeswehr BW Klappspaten 3-tlg. inkl. Original gebr. Tasche ;Bundeswehr BW Klappspaten 3-tlg. inkl. Original gebr. Tasche ;Bundeswehr BW Klappspaten 3-tlg. inkl. Original gebr. Tasche 
190127;Bundeswehr BW Klappspaten 3-tlg. Mini mit oliv Nylontasche ;Bundeswehr BW Klappspaten 3-tlg. Mini mit oliv Nylontasche ;Bundeswehr BW Klappspaten 3-tlg. Mini mit oliv Nylontasche 
190128;Mini - Klapp - Schaufel mit Tasche für Outdoor - Survival;Mini - Klapp - Schaufel mit Tasche für Outdoor - Survival;Mini - Klapp - Schaufel mit Tasche für Outdoor - Survival
190129;Outdoor- Multitool Spaten Beil Messer Säge, Survival-Set;Outdoor- Multitool Spaten Beil Messer Säge, Survival-Set;Outdoor- Multitool Spaten Beil Messer Säge, Survival-Set
190130;US Army Klappspaten, 3-teilig, extra stabil, Kunstst.-Tasche ;US Army Klappspaten, 3-teilig, extra stabil, Kunstst.-Tasche ;US Army Klappspaten, 3-teilig, extra stabil, Kunstst.-Tasche 
190131;Bolo Machete, mit Canvas-;Bolo Machete, mit Canvas-;Bolo Machete, mit Canvas-
190133;Klappsäge, Deluxe, schwarz, Blattlänge: ca. 19 cm ;Klappsäge, Deluxe, schwarz, Blattlänge: ca. 19 cm ;Klappsäge, Deluxe, schwarz, Blattlänge: ca. 19 cm 
190134;Draht-Säge mit Ringen;Draht-Säge mit Ringen;Draht-Säge mit Ringen
190135;Drahtsäge MitRingen ;Drahtsäge MitRingen ;Drahtsäge MitRingen 
190136;Ketten-Hand-Säge, mit Griffen, L. 73 cm, 65 Zähne ;Ketten-Hand-Säge, mit Griffen, L. 73 cm, 65 Zähne ;Ketten-Hand-Säge, mit Griffen, L. 73 cm, 65 Zähne 
190137;Flaschenöffner aus Aluminium;Flaschenöffner aus Aluminium;Flaschenöffner aus Aluminium
190138;"Feuerstarter, ""Army""";"Feuerstarter, ""Army""";"Feuerstarter, ""Army"""
190139;Feuerstarter, Army;Feuerstarter, Army;Feuerstarter, Army
190140;Max Fuchs Feuerstarter-Set ;Max Fuchs Feuerstarter-Set ;Max Fuchs Feuerstarter-Set 
190141;Automatik FEUERSTARTER Firestarter Feuer Anzünder;Automatik FEUERSTARTER Firestarter Feuer Anzünder;Automatik FEUERSTARTER Firestarter Feuer Anzünder
190142;Schwedischer Army Feuerstarter;Schwedischer Army Feuerstarter;Schwedischer Army Feuerstarter
190143;Notfallset 5 in 1 wasserdicht Box mit Umhängeband;Notfallset 5 in 1 wasserdicht Box mit Umhängeband;Notfallset 5 in 1 wasserdicht Box mit Umhängeband
190144;Combat Überlebensset in wasserdichter Box ;Combat Überlebensset in wasserdichter Box ;Combat Überlebensset in wasserdichter Box 
190145;berlebensset, klein, wasserdichte Box ;berlebensset, klein, wasserdichte Box ;berlebensset, klein, wasserdichte Box 
190146;Wasserdichte Streichholz Box mit Inhalt ;Wasserdichte Streichholz Box mit Inhalt ;Wasserdichte Streichholz Box mit Inhalt 
190147;Wasseraufbereiter, Mini, oliv;Wasseraufbereiter, Mini, oliv;Wasseraufbereiter, Mini, oliv
190148;Rettungsdecke silber- und goldfarben beschichtet;Rettungsdecke silber- und goldfarben beschichtet;Rettungsdecke silber- und goldfarben beschichtet
190149;Notfall-Rettungsdecke, Alu- beschichtet, Gr. 213 x 132 cm ;Notfall-Rettungsdecke, Alu- beschichtet, Gr. 213 x 132 cm ;Notfall-Rettungsdecke, Alu- beschichtet, Gr. 213 x 132 cm 
190150;Wasserdichte Aluminiumbox, silber ;Wasserdichte Aluminiumbox, silber ;Wasserdichte Aluminiumbox, silber 
190151;Box Metall, wasserdicht, schwarz, groß;Box Metall, wasserdicht, schwarz, groß;Box Metall, wasserdicht, schwarz, groß
190152;Box Kunststoff wasserdicht 39x29x12 cm schwarz ;Box Kunststoff wasserdicht 39x29x12 cm schwarz ;Box Kunststoff wasserdicht 39x29x12 cm schwarz 
190153;Wasserdichte Kunststoffbox 16,5 x 12 x 7,5 cm ;Wasserdichte Kunststoffbox 16,5 x 12 x 7,5 cm ;Wasserdichte Kunststoffbox 16,5 x 12 x 7,5 cm 
190154;Box Kunststoff wasserdicht 135x8x37 cm schwarz ;Box Kunststoff wasserdicht 135x8x37 cm schwarz ;Box Kunststoff wasserdicht 135x8x37 cm schwarz 
190155;FOX Outdoor Werkzeugset 27173 ;FOX Outdoor Werkzeugset 27173 ;FOX Outdoor Werkzeugset 27173 
190166;Pfeffer-Spray, Sprühflasche,;Pfeffer-Spray, Sprühflasche,;Pfeffer-Spray, Sprühflasche,
190170;Tarnstift England, zweifarbig, (grün-braun) ;Tarnstift England, zweifarbig, (grün-braun) ;Tarnstift England, zweifarbig, (grün-braun) 
190171;Tarnschminkset 3 Farben, mit Spiegel ;Tarnschminkset 3 Farben, mit Spiegel ;Tarnschminkset 3 Farben, mit Spiegel 
190172;Tarnschmink-Set, 3 Farben, ;Tarnschmink-Set, 3 Farben, ;Tarnschmink-Set, 3 Farben, 
190174;US Army Erkennungsmarke, Edelstahl, mit Kette ;US Army Erkennungsmarke, Edelstahl, mit Kette ;US Army Erkennungsmarke, Edelstahl, mit Kette 
190175;Bundeswehr BW Erkennungsmarke mit Ketten, oval ;Bundeswehr BW Erkennungsmarke mit Ketten, oval ;Bundeswehr BW Erkennungsmarke mit Ketten, oval 
190176;US Army Silencer, für Erkennungsmarken, Gummi ;US Army Silencer, für Erkennungsmarken, Gummi ;US Army Silencer, für Erkennungsmarken, Gummi 
190177;US Army Erkennungsmarke, m. Ketten, schwarz ;US Army Erkennungsmarke, m. Ketten, schwarz ;US Army Erkennungsmarke, m. Ketten, schwarz 
190178;US Army Erkennungsmarke, m. Ketten, goldfarben ;US Army Erkennungsmarke, m. Ketten, goldfarben ;US Army Erkennungsmarke, m. Ketten, goldfarben 
190179;Hosengummi mit Metallhaken, oliv;Hosengummi mit Metallhaken, oliv;Hosengummi mit Metallhaken, oliv
190181;Karabiner;Karabiner;Karabiner
190182;Crab;Crab;Crab
190183;Pfeife, Alu, groß;Pfeife, Alu, groß;Pfeife, Alu, groß
190184;Pfeife, Metall, rund, Halsband ;Pfeife, Metall, rund, Halsband ;Pfeife, Metall, rund, Halsband 
190185;MFH Gesichtsmaske Neopren Aus Spezialschaum, schwarz, Einheitsgröße;MFH Gesichtsmaske Neopren Aus Spezialschaum, schwarz, Einheitsgröße;MFH Gesichtsmaske Neopren Aus Spezialschaum, schwarz, Einheitsgröße
190186;Thermo-Kälteschutzmaske, schwarz, winddicht, extrem leicht;Thermo-Kälteschutzmaske, schwarz, winddicht, extrem leicht;Thermo-Kälteschutzmaske, schwarz, winddicht, extrem leicht
190187;Beil aus Guss-Stahl, mit Gummigriff, ca. 29 cm;Beil aus Guss-Stahl, mit Gummigriff, ca. 29 cm;Beil aus Guss-Stahl, mit Gummigriff, ca. 29 cm
190188;Camping-Beil, mit Gummigriff, ca. 33 cm ;Camping-Beil, mit Gummigriff, ca. 33 cm ;Camping-Beil, mit Gummigriff, ca. 33 cm 
190189;Deluxe Fiberglass Axt, ca. 36 cm ;Deluxe Fiberglass Axt, ca. 36 cm ;Deluxe Fiberglass Axt, ca. 36 cm 
190190;Carbon-Beil, mit Gummigriff, Länge ca. 35 cm ;Carbon-Beil, mit Gummigriff, Länge ca. 35 cm ;Carbon-Beil, mit Gummigriff, Länge ca. 35 cm 
190191;US Army Pickel, Metall, oliv, mit Holzstiel ;US Army Pickel, Metall, oliv, mit Holzstiel ;US Army Pickel, Metall, oliv, mit Holzstiel 
190192;Wurfanker, schwarz,Höhe 26 cm, Durchm. 22 cm, 10 m Seil, oliv ;Wurfanker, schwarz,Höhe 26 cm, Durchm. 22 cm, 10 m Seil, oliv ;Wurfanker, schwarz,Höhe 26 cm, Durchm. 22 cm, 10 m Seil, oliv 
190193;Tarnnetz, 3 x 6 m, tarn, mit Netz ;Tarnnetz, 3 x 6 m, tarn, mit Netz ;Tarnnetz, 3 x 6 m, tarn, mit Netz 
190194;Praktische Spiral Hering Zelt Camping Heringe 40cm ;Praktische Spiral Hering Zelt Camping Heringe 40cm ;Praktische Spiral Hering Zelt Camping Heringe 40cm 
190195;Max Fuchs Spiral-Hering, Metall, mit Plastikgriff, 45 cm ;Max Fuchs Spiral-Hering, Metall, mit Plastikgriff, 45 cm ;Max Fuchs Spiral-Hering, Metall, mit Plastikgriff, 45 cm 
190196;Vorhängeschloss, Metall, mit 3 Schlüsseln, Gr. 4,5 x 2,5 cm ;Vorhängeschloss, Metall, mit 3 Schlüsseln, Gr. 4,5 x 2,5 cm ;Vorhängeschloss, Metall, mit 3 Schlüsseln, Gr. 4,5 x 2,5 cm 
190197;Vorhängeschloß, Metall, mit 3 Schlüsseln, Gr. 6 x 4 cm;Vorhängeschloß, Metall, mit 3 Schlüsseln, Gr. 6 x 4 cm;Vorhängeschloß, Metall, mit 3 Schlüsseln, Gr. 6 x 4 cm
190198;Waffen-Seil-Schloss, mit Schlüsseln ;Waffen-Seil-Schloss, mit Schlüsseln ;Waffen-Seil-Schloss, mit Schlüsseln 
190199;MFH Waffenschloß mit Zahlenschloß 27997;MFH Waffenschloß mit Zahlenschloß 27997;MFH Waffenschloß mit Zahlenschloß 27997
190200;Waffenschloss, Abzugschloss, mit Schlüsseln ;Waffenschloss, Abzugschloss, mit Schlüsseln ;Waffenschloss, Abzugschloss, mit Schlüsseln 
190201;Gliederkette, Karabiner/Leder ;Gliederkette, Karabiner/Leder ;Gliederkette, Karabiner/Leder 
190202;Sicherungskette für Pistole, Metallclip und Karabiner ;Sicherungskette für Pistole, Metallclip und Karabiner ;Sicherungskette für Pistole, Metallclip und Karabiner 
190203;Patronen - Schlüsselanhänger mit Karabinerhaken ;Patronen - Schlüsselanhänger mit Karabinerhaken ;Patronen - Schlüsselanhänger mit Karabinerhaken 
190204;Kunststoffhandschellen, 10 St./Pack, 700x12mm, weiß ;Kunststoffhandschellen, 10 St./Pack, 700x12mm, weiß ;Kunststoffhandschellen, 10 St./Pack, 700x12mm, weiß 
190205;Kunststoffhandschellen, 10 St./P., 800x12,7mm, schwarz ;Kunststoffhandschellen, 10 St./P., 800x12,7mm, schwarz ;Kunststoffhandschellen, 10 St./P., 800x12,7mm, schwarz 
190207;Handschelle Standard silber Handfessel Handschellen ;Handschelle Standard silber Handfessel Handschellen ;Handschelle Standard silber Handfessel Handschellen 
190208;MFH Handschellen schwarz 29313 ;MFH Handschellen schwarz 29313 ;MFH Handschellen schwarz 29313 
190209;Handschellen mit 2 Schlüssel, chrom, FellÜberzug in rot;Handschellen mit 2 Schlüssel, chrom, FellÜberzug in rot;Handschellen mit 2 Schlüssel, chrom, FellÜberzug in rot
190210;Handschellen mit 2 Schlüssel, chrom, FellÜberzug in schwarz;Handschellen mit 2 Schlüssel, chrom, FellÜberzug in schwarz;Handschellen mit 2 Schlüssel, chrom, FellÜberzug in schwarz
190211;MFH Handschellen Deluxe 29403 Stahl;MFH Handschellen Deluxe 29403 Stahl;MFH Handschellen Deluxe 29403 Stahl
190212;Handschelle, Edelstahl, mit Sicherheitsrille, 2 Schlüssel ;Handschelle, Edelstahl, mit Sicherheitsrille, 2 Schlüssel ;Handschelle, Edelstahl, mit Sicherheitsrille, 2 Schlüssel 
190213;Handschellen mit Doppelkette, stabile Ausführg., 2 Schlüssel Doppelkette,;Handschellen mit Doppelkette, stabile Ausführg., 2 Schlüssel Doppelkette,;Handschellen mit Doppelkette, stabile Ausführg., 2 Schlüssel Doppelkette,
190214;Fußschellen, chrom, mit 2 Schlüssel ;Fußschellen, chrom, mit 2 Schlüssel ;Fußschellen, chrom, mit 2 Schlüssel 
190215;Daumenschellen, Edelstahl, mit 2 Schlüssel - NICHT FüR EXPORT ;Daumenschellen, Edelstahl, mit 2 Schlüssel - NICHT FüR EXPORT ;Daumenschellen, Edelstahl, mit 2 Schlüssel - NICHT FüR EXPORT 
190216;Handschellenetui ;Handschellenetui ;Handschellenetui 
190217;Handschellenetui, Leder, schwarz ;Handschellenetui, Leder, schwarz ;Handschellenetui, Leder, schwarz 
190218;Handschellenetui, Nylon, schwarz ;Handschellenetui, Nylon, schwarz ;Handschellenetui, Nylon, schwarz 
190219;Handschellenetui, Nylon, offen, schwarz ;Handschellenetui, Nylon, offen, schwarz ;Handschellenetui, Nylon, offen, schwarz 
190220;Handschellen, silber, Schlüsselanhänger,12 St./Disp. ;Handschellen, silber, Schlüsselanhänger,12 St./Disp. ;Handschellen, silber, Schlüsselanhänger,12 St./Disp. 
190221;MFH Bauchtasche Hüfttaschen Nylon Pure Trash oliv 30021 Tasche;MFH Bauchtasche Hüfttaschen Nylon Pure Trash oliv 30021 Tasche;MFH Bauchtasche Hüfttaschen Nylon Pure Trash oliv 30021 Tasche
190222;Pure Trash Schultertasche oliv 30022 Tasche ;Pure Trash Schultertasche oliv 30022 Tasche ;Pure Trash Schultertasche oliv 30022 Tasche 
190223;Pure Trash Handtasche mit Schultergurt klein 30023 Handtasche ;Pure Trash Handtasche mit Schultergurt klein 30023 Handtasche ;Pure Trash Handtasche mit Schultergurt klein 30023 Handtasche 
190224;Pure Trash Handtasche Nylon mit Schultergurt mittel oliv 30024 Shopper;Pure Trash Handtasche Nylon mit Schultergurt mittel oliv 30024 Shopper;Pure Trash Handtasche Nylon mit Schultergurt mittel oliv 30024 Shopper
190225;Pure Trash Handtasche Schultertasche Nylon groß oliv 30025 Shopper;Pure Trash Handtasche Schultertasche Nylon groß oliv 30025 Shopper;Pure Trash Handtasche Schultertasche Nylon groß oliv 30025 Shopper
190226;Pure Trash Nylon Rucksack oliv groß 30026 Rucksack;Pure Trash Nylon Rucksack oliv groß 30026 Rucksack;Pure Trash Nylon Rucksack oliv groß 30026 Rucksack
190227;Pure Trash Handtasche mit Schulterriemen oliv 30031 Handtasche;Pure Trash Handtasche mit Schulterriemen oliv 30031 Handtasche;Pure Trash Handtasche mit Schulterriemen oliv 30031 Handtasche
190228;Pure Trash Bauchtasche Nylon oliv 30032 Bauchtasche;Pure Trash Bauchtasche Nylon oliv 30032 Bauchtasche;Pure Trash Bauchtasche Nylon oliv 30032 Bauchtasche
190229;Pure Trash Handtasche mit Schultergurt 30033 Shopper;Pure Trash Handtasche mit Schultergurt 30033 Shopper;Pure Trash Handtasche mit Schultergurt 30033 Shopper
190230;Pure Trash Nylon Rucksack mit Karabinerhaken oliv 30034 Rucksack;Pure Trash Nylon Rucksack mit Karabinerhaken oliv 30034 Rucksack;Pure Trash Nylon Rucksack mit Karabinerhaken oliv 30034 Rucksack
190231;BECKENGURT für Rucksack Rucksackbeckengurt Hüftgurt Gurt schwarz ;BECKENGURT für Rucksack Rucksackbeckengurt Hüftgurt Gurt schwarz ;BECKENGURT für Rucksack Rucksackbeckengurt Hüftgurt Gurt schwarz 
190232;MFH Wasserdichte Dokumentenhülle 30535 Dokumtenten Hülle;MFH Wasserdichte Dokumentenhülle 30535 Dokumtenten Hülle;MFH Wasserdichte Dokumentenhülle 30535 Dokumtenten Hülle
190233;MFH TPU-Beutel, 2,5 Liter 30543 Beutel;MFH TPU-Beutel, 2,5 Liter 30543 Beutel;MFH TPU-Beutel, 2,5 Liter 30543 Beutel
190234;MFH Reinigungsset für Trinkbeutel 30549 Reinigungsset;MFH Reinigungsset für Trinkbeutel 30549 Reinigungsset;MFH Reinigungsset für Trinkbeutel 30549 Reinigungsset
190235;"Tasche, ""Security"", schwarz";"Tasche, ""Security"", schwarz";"Tasche, ""Security"", schwarz"
190236;sterreichischer Pistolen Holster, schwarz, mit Kunststoffschale;sterreichischer Pistolen Holster, schwarz, mit Kunststoffschale;sterreichischer Pistolen Holster, schwarz, mit Kunststoffschale
190237;Pistolenholster, Nylon, P1, schwarz, Sicherungsbügel;Pistolenholster, Nylon, P1, schwarz, Sicherungsbügel;Pistolenholster, Nylon, P1, schwarz, Sicherungsbügel
190238;"Rucksack ""FOX Haidel 30"" schwarz-sand Nylon";"Rucksack ""FOX Haidel 30"" schwarz-sand Nylon";"Rucksack ""FOX Haidel 30"" schwarz-sand Nylon"
190239;"Rucksack ""FOX Haidel 70"" schwarz-sand Nylon";"Rucksack ""FOX Haidel 70"" schwarz-sand Nylon";"Rucksack ""FOX Haidel 70"" schwarz-sand Nylon"
190240;"Rucksack ""FOX Air 40"" rot-schwarz-grau";"Rucksack ""FOX Air 40"" rot-schwarz-grau";"Rucksack ""FOX Air 40"" rot-schwarz-grau"
190241;"Rucksack ""FOX Air 60"" rot-schwarz-grau";"Rucksack ""FOX Air 60"" rot-schwarz-grau";"Rucksack ""FOX Air 60"" rot-schwarz-grau"
190242;"GI Modular Schlafsack System, Aussenteil, ""Petrol"", grün";"GI Modular Schlafsack System, Aussenteil, ""Petrol"", grün";"GI Modular Schlafsack System, Aussenteil, ""Petrol"", grün"
190243;"GI Modular Schlafsack System, Innenteil, ""Interm."", schwarz";"GI Modular Schlafsack System, Innenteil, ""Interm."", schwarz";"GI Modular Schlafsack System, Innenteil, ""Interm."", schwarz"
190244;Iso Matte, grün, Gr. 50x200x1cm, alubeschichtet, verstellbare Riemen;Iso Matte, grün, Gr. 50x200x1cm, alubeschichtet, verstellbare Riemen;Iso Matte, grün, Gr. 50x200x1cm, alubeschichtet, verstellbare Riemen
190245;Bundeswehr BW Isomatte faltbar ;Bundeswehr BW Isomatte faltbar ;Bundeswehr BW Isomatte faltbar 
190246;MFH US Kompressionssack für Schlafsack, schwarz 31425 Schlafsackhülle;MFH US Kompressionssack für Schlafsack, schwarz 31425 Schlafsackhülle;MFH US Kompressionssack für Schlafsack, schwarz 31425 Schlafsackhülle
190247;Aluminium Alu Campingtisch Rolltisch 70x70cm;Aluminium Alu Campingtisch Rolltisch 70x70cm;Aluminium Alu Campingtisch Rolltisch 70x70cm
190248;Aluminium Alu Campingtisch Rolltisch 120x70cm;Aluminium Alu Campingtisch Rolltisch 120x70cm;Aluminium Alu Campingtisch Rolltisch 120x70cm
190249;Max Fuchs Klapphocker, Dreibein, oliv, Transporttasche;Max Fuchs Klapphocker, Dreibein, oliv, Transporttasche;Max Fuchs Klapphocker, Dreibein, oliv, Transporttasche
190250;Klapphocker,Teleskop-Dreibein, oliv, Transporttasche;Klapphocker,Teleskop-Dreibein, oliv, Transporttasche;Klapphocker,Teleskop-Dreibein, oliv, Transporttasche
190251;MFH US Army Feldbett extra breit mit Nylonbezug, Alu, oliv 31904 Feldbett;MFH US Army Feldbett extra breit mit Nylonbezug, Alu, oliv 31904 Feldbett;MFH US Army Feldbett extra breit mit Nylonbezug, Alu, oliv 31904 Feldbett
190252;US Army Feldbett, Alu, Mod., oliv, Gr. 190x66x42;US Army Feldbett, Alu, Mod., oliv, Gr. 190x66x42;US Army Feldbett, Alu, Mod., oliv, Gr. 190x66x42
190253;US Army Alu Feldbett schwarz verstärkt;US Army Alu Feldbett schwarz verstärkt;US Army Alu Feldbett schwarz verstärkt
190254;US Army Alu Feldbett woodland verstärkt;US Army Alu Feldbett woodland verstärkt;US Army Alu Feldbett woodland verstärkt
190255;US Army Alu Feldbett flecktarn verstärkt;US Army Alu Feldbett flecktarn verstärkt;US Army Alu Feldbett flecktarn verstärkt
190256;Feldbett extra lang;Feldbett extra lang;Feldbett extra lang
190257;US Army Feldflasche 'Skout' rund Filzbezug 1,75 L;US Army Feldflasche 'Skout' rund Filzbezug 1,75 L;US Army Feldflasche 'Skout' rund Filzbezug 1,75 L
190258;Vakuum Thermoskanne 0,5 Liter oliv;Vakuum Thermoskanne 0,5 Liter oliv;Vakuum Thermoskanne 0,5 Liter oliv
190259;Vakuum Thermoskanne 1 Liter oliv;Vakuum Thermoskanne 1 Liter oliv;Vakuum Thermoskanne 1 Liter oliv
190260;Isolier Vakuum Edelstahl Thermoskanne 1,0 L;Isolier Vakuum Edelstahl Thermoskanne 1,0 L;Isolier Vakuum Edelstahl Thermoskanne 1,0 L
190261;Vakuum-Thermoskanne, 500 ml, Schnellverschluß, Edelstahl;Vakuum-Thermoskanne, 500 ml, Schnellverschluß, Edelstahl;Vakuum-Thermoskanne, 500 ml, Schnellverschluß, Edelstahl
190262;Isolier Vakuum Edelstahl Thermoskanne 1,0 L mit Tragegriff;Isolier Vakuum Edelstahl Thermoskanne 1,0 L mit Tragegriff;Isolier Vakuum Edelstahl Thermoskanne 1,0 L mit Tragegriff
190263;Isolier Vakuum Edelstahl Thermoskanne 1,5 L mit Tragegriff;Isolier Vakuum Edelstahl Thermoskanne 1,5 L mit Tragegriff;Isolier Vakuum Edelstahl Thermoskanne 1,5 L mit Tragegriff
190264;Trinkbecher Teleskop Edelstahl 15 cl;Trinkbecher Teleskop Edelstahl 15 cl;Trinkbecher Teleskop Edelstahl 15 cl
190265;Trinkbecher, Teleskop, Edelstahl, 4 cl;Trinkbecher, Teleskop, Edelstahl, 4 cl;Trinkbecher, Teleskop, Edelstahl, 4 cl
190266;"Taschenflaschen ""Kanister"", Edelstahl, 6 OZ, 170 ml";"Taschenflaschen ""Kanister"", Edelstahl, 6 OZ, 170 ml";"Taschenflaschen ""Kanister"", Edelstahl, 6 OZ, 170 ml"
190267;Kochgeschirr, klein, Edelstahl, 2 Töpfe, 1 Pfanne, 1 Plastiktasse;Kochgeschirr, klein, Edelstahl, 2 Töpfe, 1 Pfanne, 1 Plastiktasse;Kochgeschirr, klein, Edelstahl, 2 Töpfe, 1 Pfanne, 1 Plastiktasse
190268;Camping-Geschirr Kochgeschirr, groß;Camping-Geschirr Kochgeschirr, groß;Camping-Geschirr Kochgeschirr, groß
190269;Camping-Kochgeschirr, Aluminium eloxiert, klein;Camping-Kochgeschirr, Aluminium eloxiert, klein;Camping-Kochgeschirr, Aluminium eloxiert, klein
190270;Kochgeschirr, Aluminium, eloxiert, mittel;Kochgeschirr, Aluminium, eloxiert, mittel;Kochgeschirr, Aluminium, eloxiert, mittel
190271;Kochgeschirr, Aluminium, eloxiert, groß;Kochgeschirr, Aluminium, eloxiert, groß;Kochgeschirr, Aluminium, eloxiert, groß
190273;"Kochgeschirr, ""De Lux"", Alu, Pfanne, f, Schüssel, Plastiktasse";"Kochgeschirr, ""De Lux"", Alu, Pfanne, f, Schüssel, Plastiktasse";"Kochgeschirr, ""De Lux"", Alu, Pfanne, f, Schüssel, Plastiktasse"
190274;US Army Essgeschirr, , Edelstahl;US Army Essgeschirr, , Edelstahl;US Army Essgeschirr, , Edelstahl
190275;Holländisches Kochgeschirr Alu 2- teilig;Holländisches Kochgeschirr Alu 2- teilig;Holländisches Kochgeschirr Alu 2- teilig
190276;Tasse, Edelstahl, doppelwandig, 220 ml, oliv;Tasse, Edelstahl, doppelwandig, 220 ml, oliv;Tasse, Edelstahl, doppelwandig, 220 ml, oliv
190277;Tasse, Edelstahl, doppelwandig, 350 ml, oliv;Tasse, Edelstahl, doppelwandig, 350 ml, oliv;Tasse, Edelstahl, doppelwandig, 350 ml, oliv
190278;Tasse, Edelstahl, doppelwandig, 450 ml, oliv;Tasse, Edelstahl, doppelwandig, 450 ml, oliv;Tasse, Edelstahl, doppelwandig, 450 ml, oliv
190279;MFH Edelstahl Tasse, doppelwandig, 400 ml, mit Kunststoffgriff und Deckel 33378 Thermobecher;MFH Edelstahl Tasse, doppelwandig, 400 ml, mit Kunststoffgriff und Deckel 33378 Thermobecher;MFH Edelstahl Tasse, doppelwandig, 400 ml, mit Kunststoffgriff und Deckel 33378 Thermobecher
190280;Edelstahl Thermobecher 400ml mit Trinköffnung;Edelstahl Thermobecher 400ml mit Trinköffnung;Edelstahl Thermobecher 400ml mit Trinköffnung
190281;Tasse Edelstahl doppelwandig mit Kunststoffgriff;Tasse Edelstahl doppelwandig mit Kunststoffgriff;Tasse Edelstahl doppelwandig mit Kunststoffgriff
190282;Edelstahltasse, doppelwandig, 0,25 l;Edelstahltasse, doppelwandig, 0,25 l;Edelstahltasse, doppelwandig, 0,25 l
190283;Tasse Edelstahl einwandig 0,25L;Tasse Edelstahl einwandig 0,25L;Tasse Edelstahl einwandig 0,25L
190284;Grosse Edelstahl Tasse Camping Becher 0,5 Ltr mit Griff;Grosse Edelstahl Tasse Camping Becher 0,5 Ltr mit Griff;Grosse Edelstahl Tasse Camping Becher 0,5 Ltr mit Griff
190285;"Tasse, ""Melamine"", 350 ml, oliv";"Tasse, ""Melamine"", 350 ml, oliv";"Tasse, ""Melamine"", 350 ml, oliv"
190286;Kunststoff Faltbecher, oliv;Kunststoff Faltbecher, oliv;Kunststoff Faltbecher, oliv
190287;Suppenteller Edelstahl 22 cm;Suppenteller Edelstahl 22 cm;Suppenteller Edelstahl 22 cm
190288;"MFH Teller, ""Melamine"", 25 cm, oliv";"MFH Teller, ""Melamine"", 25 cm, oliv";"MFH Teller, ""Melamine"", 25 cm, oliv"
190289;Max Fuchs BW Eßbesteck, 4-teilig, schwere Ausführung;Max Fuchs BW Eßbesteck, 4-teilig, schwere Ausführung;Max Fuchs BW Eßbesteck, 4-teilig, schwere Ausführung
190290;Bundeswehr BW Bundeswehr Alu Essbesteck Besteck 4 Teilig;Bundeswehr BW Bundeswehr Alu Essbesteck Besteck 4 Teilig;Bundeswehr BW Bundeswehr Alu Essbesteck Besteck 4 Teilig
190291;Essbesteck 'Camping' mit Griff oliv + Nylonetui;Essbesteck 'Camping' mit Griff oliv + Nylonetui;Essbesteck 'Camping' mit Griff oliv + Nylonetui
190292;Essbesteck 'Outdoor' 6 Funktionen + Nylonetui;Essbesteck 'Outdoor' 6 Funktionen + Nylonetui;Essbesteck 'Outdoor' 6 Funktionen + Nylonetui
190293;"Outdoor Ofen ""Firepot Typ 120""";"Outdoor Ofen ""Firepot Typ 120""";"Outdoor Ofen ""Firepot Typ 120"""
190294;Edelstahl Outdoor Camping Kochf 14 x 7 cm 1 Liter;Edelstahl Outdoor Camping Kochf 14 x 7 cm 1 Liter;Edelstahl Outdoor Camping Kochf 14 x 7 cm 1 Liter
190295;Gaskocher klappbar klein mit Piezo-Zündung;Gaskocher klappbar klein mit Piezo-Zündung;Gaskocher klappbar klein mit Piezo-Zündung
190296;Gaskocher schwenkbar klein;Gaskocher schwenkbar klein;Gaskocher schwenkbar klein
190297;Gaskocher, groß;Gaskocher, groß;Gaskocher, groß
190298;Gaskocher klappbar, mit Piezo Zündung;Gaskocher klappbar, mit Piezo Zündung;Gaskocher klappbar, mit Piezo Zündung
190299;Gaslaterne mit Piezo-Zündung und Tasche;Gaslaterne mit Piezo-Zündung und Tasche;Gaslaterne mit Piezo-Zündung und Tasche
190300;Glühstrumpf für Gaslaterne, 2 Stck./Pack;Glühstrumpf für Gaslaterne, 2 Stck./Pack;Glühstrumpf für Gaslaterne, 2 Stck./Pack
190301;Gasbrenner aus Edelstahl, aufschraubbar, el. Zündung;Gasbrenner aus Edelstahl, aufschraubbar, el. Zündung;Gasbrenner aus Edelstahl, aufschraubbar, el. Zündung
190302;Picknick-Box, Holz, Trolley, Geschirr, Stühle uvm.;Picknick-Box, Holz, Trolley, Geschirr, Stühle uvm.;Picknick-Box, Holz, Trolley, Geschirr, Stühle uvm.
190303;FOX Outdoor Picknick Box, Holz, für 4 Personen 33913 Picknickbox;FOX Outdoor Picknick Box, Holz, für 4 Personen 33913 Picknickbox;FOX Outdoor Picknick Box, Holz, für 4 Personen 33913 Picknickbox
190304;Picknick-Box, Holz, für 2 Personen;Picknick-Box, Holz, für 2 Personen;Picknick-Box, Holz, für 2 Personen
190305;Kompaß Kompass US-Typ, Metallgehäuse, flüssigkeitsgedämpft;Kompaß Kompass US-Typ, Metallgehäuse, flüssigkeitsgedämpft;Kompaß Kompass US-Typ, Metallgehäuse, flüssigkeitsgedämpft
190306;Kompass PRÄZISION flüssigkeitsgedämpft;Kompass PRÄZISION flüssigkeitsgedämpft;Kompass PRÄZISION flüssigkeitsgedämpft
190307;GEOLOGEN Kompass TRAVEL flüssigkeitsgedämpft;GEOLOGEN Kompass TRAVEL flüssigkeitsgedämpft;GEOLOGEN Kompass TRAVEL flüssigkeitsgedämpft
190308;Kompass SCOUT flüssigkeitsgedämpft;Kompass SCOUT flüssigkeitsgedämpft;Kompass SCOUT flüssigkeitsgedämpft
190309;Karten-Kompass flüssigkeitsgedämpft;Karten-Kompass flüssigkeitsgedämpft;Karten-Kompass flüssigkeitsgedämpft
190310;Fahnenstange, weiß, mit goldfarbenen Adler ;Fahnenstange, weiß, mit goldfarbenen Adler ;Fahnenstange, weiß, mit goldfarbenen Adler 
190311;Bundeswehr BW Gebirgsjäger-Edelweiß, Metall ;Bundeswehr BW Gebirgsjäger-Edelweiß, Metall ;Bundeswehr BW Gebirgsjäger-Edelweiß, Metall 
190312;Aufnäher Security silber gestickt, 30 x 65 cm ;Aufnäher Security silber gestickt, 30 x 65 cm ;Aufnäher Security silber gestickt, 30 x 65 cm 
190313;Meldeblock, wasserfest, klein, Spiralbindung, 10 x 15 cm ;Meldeblock, wasserfest, klein, Spiralbindung, 10 x 15 cm ;Meldeblock, wasserfest, klein, Spiralbindung, 10 x 15 cm 
190314;Meldeblock groß;Meldeblock groß;Meldeblock groß
190315;Ausscheider-MaßbandKette Metallhalterung;Ausscheider-MaßbandKette Metallhalterung;Ausscheider-MaßbandKette Metallhalterung
190316;SOLAR - Dusche 10 Liter ;SOLAR - Dusche 10 Liter ;SOLAR - Dusche 10 Liter 
190317;Solardusche Campingdusche Dusche 20 Liter ;Solardusche Campingdusche Dusche 20 Liter ;Solardusche Campingdusche Dusche 20 Liter 
190318;Solar Dusche, 40 l 37623 ;Solar Dusche, 40 l 37623 ;Solar Dusche, 40 l 37623 
190319;Pilotenbär mit Fliegerbrille, 24 cm ;Pilotenbär mit Fliegerbrille, 24 cm ;Pilotenbär mit Fliegerbrille, 24 cm 
190320;Pilotenbär mit Fliegerbrille, 14 cm ;Pilotenbär mit Fliegerbrille, 14 cm ;Pilotenbär mit Fliegerbrille, 14 cm 
190321;Wecker 'Soldat' mit Marschmusik 20cm ;Wecker 'Soldat' mit Marschmusik 20cm ;Wecker 'Soldat' mit Marschmusik 20cm 
190326;Aluminium Alu Baseballschläger 26' American Baseball ;Aluminium Alu Baseballschläger 26' American Baseball ;Aluminium Alu Baseballschläger 26' American Baseball 
190327;Baseballschläger 30' Aluminium American Baseball Schläger;Baseballschläger 30' Aluminium American Baseball Schläger;Baseballschläger 30' Aluminium American Baseball Schläger
190329;Schuhspikes schwarz mit 5 Noppen / Größen von 34 - 46 ;Schuhspikes schwarz mit 5 Noppen / Größen von 34 - 46 ;Schuhspikes schwarz mit 5 Noppen / Größen von 34 - 46 
190333;Schuhspikes, schwarz mit 6 Noppen Größe 36 bis 48 ;Schuhspikes, schwarz mit 6 Noppen Größe 36 bis 48 ;Schuhspikes, schwarz mit 6 Noppen Größe 36 bis 48 
190337;Spikes für Schuhe, schwarz (10 Krallen Spikes);Spikes für Schuhe, schwarz (10 Krallen Spikes);Spikes für Schuhe, schwarz (10 Krallen Spikes)
190341;Die Originalen Schneeschuhketten in schwarz mit 8 Zacken ;Die Originalen Schneeschuhketten in schwarz mit 8 Zacken ;Die Originalen Schneeschuhketten in schwarz mit 8 Zacken 
190342;Aluminium Alu Trekkingstöcke Wanderstöcke, 39303;Aluminium Alu Trekkingstöcke Wanderstöcke, 39303;Aluminium Alu Trekkingstöcke Wanderstöcke, 39303
190343;Bundeswehr BW Taschenmesser 6-teilig oliv ;Bundeswehr BW Taschenmesser 6-teilig oliv ;Bundeswehr BW Taschenmesser 6-teilig oliv 
190344;Taschenmesser, BW Style oliv, mit Zange und Etui ;Taschenmesser, BW Style oliv, mit Zange und Etui ;Taschenmesser, BW Style oliv, mit Zange und Etui 
190345;Taschenmesser, oliv, Lampe, mit Gabel und Löffel ;Taschenmesser, oliv, Lampe, mit Gabel und Löffel ;Taschenmesser, oliv, Lampe, mit Gabel und Löffel 
190346;Taschenmesser, oliv, Gabel, Löffel, Dosenöffner ;Taschenmesser, oliv, Gabel, Löffel, Dosenöffner ;Taschenmesser, oliv, Gabel, Löffel, Dosenöffner 
190351;berlebensmesser JUNGLE II mit Alugriff ;berlebensmesser JUNGLE II mit Alugriff ;berlebensmesser JUNGLE II mit Alugriff 
190357;Pilotenmesser, mit Nylon/Leder Scheide ;Pilotenmesser, mit Nylon/Leder Scheide ;Pilotenmesser, mit Nylon/Leder Scheide 
190359;FOX Überlebensmesser mit Leichtmetallgriff ;FOX Überlebensmesser mit Leichtmetallgriff ;FOX Überlebensmesser mit Leichtmetallgriff 
190360;Überlebensmesser, Pfadfinder, schwarz;Überlebensmesser, Pfadfinder, schwarz;Überlebensmesser, Pfadfinder, schwarz
190361;berlebensmesser, schwarz, Special Forces ;berlebensmesser, schwarz, Special Forces ;berlebensmesser, schwarz, Special Forces 
190362;Bundeswehr BW Fallschirmspringermesser, Holzgriff, Lederscheide ;Bundeswehr BW Fallschirmspringermesser, Holzgriff, Lederscheide ;Bundeswehr BW Fallschirmspringermesser, Holzgriff, Lederscheide 
190363;FOX Jagdmesser mit Nylonscheide ;FOX Jagdmesser mit Nylonscheide ;FOX Jagdmesser mit Nylonscheide 
190364;FOX Fischer Messer mit Aufreißklinge ;FOX Fischer Messer mit Aufreißklinge ;FOX Fischer Messer mit Aufreißklinge 
190365;FOX Fischer Messer mit Aufreißklinge ;FOX Fischer Messer mit Aufreißklinge ;FOX Fischer Messer mit Aufreißklinge 
190366;Klappmesser Edelstahl, Gummigriff ;Klappmesser Edelstahl, Gummigriff ;Klappmesser Edelstahl, Gummigriff 
190367;FOX Edelstahl Klappmesser ;FOX Edelstahl Klappmesser ;FOX Edelstahl Klappmesser 
190375;Klappmesser mit Holzgriff, Verzierung ;Klappmesser mit Holzgriff, Verzierung ;Klappmesser mit Holzgriff, Verzierung 
190378;Klappmesser, Hunter, Metallgriff mit Holzeinlage ;Klappmesser, Hunter, Metallgriff mit Holzeinlage ;Klappmesser, Hunter, Metallgriff mit Holzeinlage 
190379;FOX Jagdmesser Klappmesser mit Griffverzierung ;FOX Jagdmesser Klappmesser mit Griffverzierung ;FOX Jagdmesser Klappmesser mit Griffverzierung 
190382;"Outdoor Messer, ""Hunter"", Nylonscheide ";"Outdoor Messer, ""Hunter"", Nylonscheide ";"Outdoor Messer, ""Hunter"", Nylonscheide "
190383;Tauchermesser, Beinholster, schwarz ;Tauchermesser, Beinholster, schwarz ;Tauchermesser, Beinholster, schwarz 
190384;Tauchermesser, Beinholster, gelb-schwarz ;Tauchermesser, Beinholster, gelb-schwarz ;Tauchermesser, Beinholster, gelb-schwarz 
190391;Klappmesser, Klinge gebogen, teilweise Sägezähne ;Klappmesser, Klinge gebogen, teilweise Sägezähne ;Klappmesser, Klinge gebogen, teilweise Sägezähne 
190398;Klappmesser, Edelstahl, gelochter Griff ;Klappmesser, Edelstahl, gelochter Griff ;Klappmesser, Edelstahl, gelochter Griff 
190404;Messerschärfer, oliv ;Messerschärfer, oliv ;Messerschärfer, oliv 
190405;"FOX Outdoor Messerschärfer ""DUO"" 46105 ";"FOX Outdoor Messerschärfer ""DUO"" 46105 ";"FOX Outdoor Messerschärfer ""DUO"" 46105 "
190406;Messer-Etui, Nylon, klein, schwarz,quer und längs tragbar ;Messer-Etui, Nylon, klein, schwarz,quer und längs tragbar ;Messer-Etui, Nylon, klein, schwarz,quer und längs tragbar 
190407;Messer-Etui, Nylon, groß, schwarz,quer und längs tragbar ;Messer-Etui, Nylon, groß, schwarz,quer und längs tragbar ;Messer-Etui, Nylon, groß, schwarz,quer und längs tragbar 
190408;Jackenknöpfe dunkelgrau 4 Loch 25 mm Kunststoff Knopf 200 Stk.;Jackenknöpfe dunkelgrau 4 Loch 25 mm Kunststoff Knopf 200 Stk.;Jackenknöpfe dunkelgrau 4 Loch 25 mm Kunststoff Knopf 200 Stk.
190409;Holländische Knöpfe, goldfarben mit Krone, 12 mm,10 St./Sack;Holländische Knöpfe, goldfarben mit Krone, 12 mm,10 St./Sack;Holländische Knöpfe, goldfarben mit Krone, 12 mm,10 St./Sack
190411;Reißverschluß, Einweg, oliv, teilbar, Plastik, 40 cm;Reißverschluß, Einweg, oliv, teilbar, Plastik, 40 cm;Reißverschluß, Einweg, oliv, teilbar, Plastik, 40 cm
190412;Reißverschluß, einweg, oliv, teilbar, Plastik, 45 cm ;Reißverschluß, einweg, oliv, teilbar, Plastik, 45 cm ;Reißverschluß, einweg, oliv, teilbar, Plastik, 45 cm 
190413;Reißverschluß, einweg, oliv, teilbar, Plastik, 50 cm;Reißverschluß, einweg, oliv, teilbar, Plastik, 50 cm;Reißverschluß, einweg, oliv, teilbar, Plastik, 50 cm
190414;Reißverschluß, einweg, oliv, teilbar, Plastik, 55 cm;Reißverschluß, einweg, oliv, teilbar, Plastik, 55 cm;Reißverschluß, einweg, oliv, teilbar, Plastik, 55 cm
190415;Reißverschluß, 2-weg, oliv, nicht teilbar, Plastik, 70 cm;Reißverschluß, 2-weg, oliv, nicht teilbar, Plastik, 70 cm;Reißverschluß, 2-weg, oliv, nicht teilbar, Plastik, 70 cm
190416;Reißverschluß, 2-weg, oliv, nicht teilbar, Plastik, 75 cm;Reißverschluß, 2-weg, oliv, nicht teilbar, Plastik, 75 cm;Reißverschluß, 2-weg, oliv, nicht teilbar, Plastik, 75 cm
190417;Reißverschluß, 2-weg, oliv, nicht teilbar, Plastik, 80 cm;Reißverschluß, 2-weg, oliv, nicht teilbar, Plastik, 80 cm;Reißverschluß, 2-weg, oliv, nicht teilbar, Plastik, 80 cm
190418;Reißverschluß, 2-weg, oliv, nicht teilbar, Plastik, 85 cm;Reißverschluß, 2-weg, oliv, nicht teilbar, Plastik, 85 cm;Reißverschluß, 2-weg, oliv, nicht teilbar, Plastik, 85 cm
190419;Reißverschluß, 2-weg, oliv, nicht teilbar, Plastik, 90 cm;Reißverschluß, 2-weg, oliv, nicht teilbar, Plastik, 90 cm;Reißverschluß, 2-weg, oliv, nicht teilbar, Plastik, 90 cm
190420;Reißverschluß, blau, teilbar, 70 cm;Reißverschluß, blau, teilbar, 70 cm;Reißverschluß, blau, teilbar, 70 cm
190421;Reißverschluß, grau, teilbar, 220 cm;Reißverschluß, grau, teilbar, 220 cm;Reißverschluß, grau, teilbar, 220 cm
190422;Reißverschluß, grau, teilbar, 210 cm;Reißverschluß, grau, teilbar, 210 cm;Reißverschluß, grau, teilbar, 210 cm
190423;Reißverschluß, grau, teilbar, 230 cm;Reißverschluß, grau, teilbar, 230 cm;Reißverschluß, grau, teilbar, 230 cm
190424;Reißverschluß grau teilbar 250 cm;Reißverschluß grau teilbar 250 cm;Reißverschluß grau teilbar 250 cm
190426;Verschluss, 1 Dorn, schwarz, 51350;Verschluss, 1 Dorn, schwarz, 51350;Verschluss, 1 Dorn, schwarz, 51350
190427;Katalog mit tralem Umschlag;Katalog mit tralem Umschlag;Katalog mit tralem Umschlag
191709;US Army Kampfhose BDU, khaki;US Army Kampfhose BDU, khaki;US Army Kampfhose BDU, khaki
192094;Polarjacke N2B, schwarz, Gr. XS - B Ware;Polarjacke N2B, schwarz, Gr. XS - B Ware;Polarjacke N2B, schwarz, Gr. XS - B Ware
192124;CWU-Piloten-Jacke, schwarz, 4XL - 5XL;CWU-Piloten-Jacke, schwarz, 4XL - 5XL;CWU-Piloten-Jacke, schwarz, 4XL - 5XL
192331;Tarnanzug Leaves hunterbrown 3-tlg;Tarnanzug Leaves hunterbrown 3-tlg;Tarnanzug Leaves hunterbrown 3-tlg
192434;"US Army Cap, mit Schild, schwarz, bestickt ""SECURITY"", größenverstellbar";"US Army Cap, mit Schild, schwarz, bestickt ""SECURITY"", größenverstellbar";"US Army Cap, mit Schild, schwarz, bestickt ""SECURITY"", größenverstellbar"
192443;"Baseball Cap flach ""Elasti-Fit schwarz optimaler Tragekomfort ohne Verschluss";"Baseball Cap flach ""Elasti-Fit schwarz optimaler Tragekomfort ohne Verschluss";"Baseball Cap flach ""Elasti-Fit schwarz optimaler Tragekomfort ohne Verschluss"
192444;Baseball Cap mit Klettverschluss schwarz gebogenes Schild;Baseball Cap mit Klettverschluss schwarz gebogenes Schild;Baseball Cap mit Klettverschluss schwarz gebogenes Schild
192456;Bundeswehr BW Helm, ABS, oliv;Bundeswehr BW Helm, ABS, oliv;Bundeswehr BW Helm, ABS, oliv
192486;Fleece Rollmütze mit Thinsulatefütterung;Fleece Rollmütze mit Thinsulatefütterung;Fleece Rollmütze mit Thinsulatefütterung
192491;Balaclava Sturmhaube Sturmmaske, Schlitz, dünn, schwarz, 100 % Elasthan;Balaclava Sturmhaube Sturmmaske, Schlitz, dünn, schwarz, 100 % Elasthan;Balaclava Sturmhaube Sturmmaske, Schlitz, dünn, schwarz, 100 % Elasthan
192492;Balaclava Sturmhaube Sturmmaske, 3-Loch, dünn, schwarz, 100 % Elasthan;Balaclava Sturmhaube Sturmmaske, 3-Loch, dünn, schwarz, 100 % Elasthan;Balaclava Sturmhaube Sturmmaske, 3-Loch, dünn, schwarz, 100 % Elasthan
192493;MFH Gesichtsmaske Balaclava 1-loch Dünn, schwarz, Einheitsgröße, 10900A;MFH Gesichtsmaske Balaclava 1-loch Dünn, schwarz, Einheitsgröße, 10900A;MFH Gesichtsmaske Balaclava 1-loch Dünn, schwarz, Einheitsgröße, 10900A
192497;Balaclava Sturmhaube Sturmmaske 3 Loch, schwarz, grob Strick, Thinsulate, Acryl;Balaclava Sturmhaube Sturmmaske 3 Loch, schwarz, grob Strick, Thinsulate, Acryl;Balaclava Sturmhaube Sturmmaske 3 Loch, schwarz, grob Strick, Thinsulate, Acryl
192500;Rollmütze Acryl fein gestrickt;Rollmütze Acryl fein gestrickt;Rollmütze Acryl fein gestrickt
192501;Rollmütze Acryl fein gestrickt schwarz extra kurz;Rollmütze Acryl fein gestrickt schwarz extra kurz;Rollmütze Acryl fein gestrickt schwarz extra kurz
192502;"Strickmütze, ""BEANIE"",schwarz, fein gestrickt, Acryl, kurz";"Strickmütze, ""BEANIE"",schwarz, fein gestrickt, Acryl, kurz";"Strickmütze, ""BEANIE"",schwarz, fein gestrickt, Acryl, kurz"
192503;"Strickmütze, ""BEANIE"", Rip, Acryl, schwarz, extra kurz";"Strickmütze, ""BEANIE"", Rip, Acryl, schwarz, extra kurz";"Strickmütze, ""BEANIE"", Rip, Acryl, schwarz, extra kurz"
192504;"Strickmütze, ""BEANIE"", grobe Baumwolle, kurz, schwarz";"Strickmütze, ""BEANIE"", grobe Baumwolle, kurz, schwarz";"Strickmütze, ""BEANIE"", grobe Baumwolle, kurz, schwarz"
192505;"Strickmütze ""Beanie Arctic"" Mütze Wintermütze Haube fein gestrickt schwarz ";"Strickmütze ""Beanie Arctic"" Mütze Wintermütze Haube fein gestrickt schwarz ";"Strickmütze ""Beanie Arctic"" Mütze Wintermütze Haube fein gestrickt schwarz "
192506;Rollmütze Acryl schwarz silber bestickt Security;Rollmütze Acryl schwarz silber bestickt Security;Rollmütze Acryl schwarz silber bestickt Security
192508;Rollmütze Acryl fein gestrickt tarn-schwarz;Rollmütze Acryl fein gestrickt tarn-schwarz;Rollmütze Acryl fein gestrickt tarn-schwarz
192510;"Rollmütze ""Arctic"" gerippt mit Thinsulate schwarz";"Rollmütze ""Arctic"" gerippt mit Thinsulate schwarz";"Rollmütze ""Arctic"" gerippt mit Thinsulate schwarz"
192512;"Rollmütze ""Alaska"" schwarz Thinsulate grob gestrickt";"Rollmütze ""Alaska"" schwarz Thinsulate grob gestrickt";"Rollmütze ""Alaska"" schwarz Thinsulate grob gestrickt"
192513;Thermo-Sport-Funktions- Rollkragenhemd lang oliv;Thermo-Sport-Funktions- Rollkragenhemd lang oliv;Thermo-Sport-Funktions- Rollkragenhemd lang oliv
192519;Bundeswehr BW Plüsch-Rollkragenhemd - oliv;Bundeswehr BW Plüsch-Rollkragenhemd - oliv;Bundeswehr BW Plüsch-Rollkragenhemd - oliv
192539;Bundeswehr BW Bundeswehr Socken mit Keilferse grau;Bundeswehr BW Bundeswehr Socken mit Keilferse grau;Bundeswehr BW Bundeswehr Socken mit Keilferse grau
192546;Army Socke oliv halblang 3-er Pack;Army Socke oliv halblang 3-er Pack;Army Socke oliv halblang 3-er Pack
192550;"Socken ""Extrawarm"" 39-47";"Socken ""Extrawarm"" 39-47";"Socken ""Extrawarm"" 39-47"
192588;Strick-Handschuhe ohne Finger schwarz;Strick-Handschuhe ohne Finger schwarz;Strick-Handschuhe ohne Finger schwarz
192594;Strick-Handschuhe, Thinsulate, schwarz, ohne Finger;Strick-Handschuhe, Thinsulate, schwarz, ohne Finger;Strick-Handschuhe, Thinsulate, schwarz, ohne Finger
192613;Strickhandschuhe, Extreme Thinsulatefütterung, schwarz ;Strickhandschuhe, Extreme Thinsulatefütterung, schwarz ;Strickhandschuhe, Extreme Thinsulatefütterung, schwarz 
192631;"Fingerhandschuhe ""Security"" Neopren Schnittschutzschwarz";"Fingerhandschuhe ""Security"" Neopren Schnittschutzschwarz";"Fingerhandschuhe ""Security"" Neopren Schnittschutzschwarz"
192637;"Fingerhandschuhe ""Combat"" Neopren schwarz";"Fingerhandschuhe ""Combat"" Neopren schwarz";"Fingerhandschuhe ""Combat"" Neopren schwarz"
192643;Fingerhandschuhe Mesh Neopren schwarz ;Fingerhandschuhe Mesh Neopren schwarz ;Fingerhandschuhe Mesh Neopren schwarz 
192653;MFH Bandana Totenkopf, 55 x 55 cm 16401A Unisex Kopftuch Halstuch;MFH Bandana Totenkopf, 55 x 55 cm 16401A Unisex Kopftuch Halstuch;MFH Bandana Totenkopf, 55 x 55 cm 16401A Unisex Kopftuch Halstuch
192656;PLO Tuch, mit Fransen, oliv-schwarz, mit Totenkopf;PLO Tuch, mit Fransen, oliv-schwarz, mit Totenkopf;PLO Tuch, mit Fransen, oliv-schwarz, mit Totenkopf
192679;MFH US Kinder Pilotenjacke MA1, schwarz,(122-176) 17342A Jungen Jacke;MFH US Kinder Pilotenjacke MA1, schwarz,(122-176) 17342A Jungen Jacke;MFH US Kinder Pilotenjacke MA1, schwarz,(122-176) 17342A Jungen Jacke
192697;FOX Outdoor Trekking Sandale Sandalen desert 40-46;FOX Outdoor Trekking Sandale Sandalen desert 40-46;FOX Outdoor Trekking Sandale Sandalen desert 40-46
192705;FOX Outdoor Trekking Wander Schuhe oliv/grau 40-46;FOX Outdoor Trekking Wander Schuhe oliv/grau 40-46;FOX Outdoor Trekking Wander Schuhe oliv/grau 40-46
192725;Kälteschutzstiefel, FOX-XTREME mit Gummisohle, schwarz;Kälteschutzstiefel, FOX-XTREME mit Gummisohle, schwarz;Kälteschutzstiefel, FOX-XTREME mit Gummisohle, schwarz
192737;CANADIAN Kälteschutzstiefel ABSOLUTE ZERO bis -40 Grad schwarz 38-46;CANADIAN Kälteschutzstiefel ABSOLUTE ZERO bis -40 Grad schwarz 38-46;CANADIAN Kälteschutzstiefel ABSOLUTE ZERO bis -40 Grad schwarz 38-46
192747;FOX NEOPREN Stiefel Gummistiefel Jagd Ansitzstiefel oliv 38-47;FOX NEOPREN Stiefel Gummistiefel Jagd Ansitzstiefel oliv 38-47;FOX NEOPREN Stiefel Gummistiefel Jagd Ansitzstiefel oliv 38-47
192758;FOX NEOPREN Stiefel Gummistiefel Jagd Ansitzstiefel oliv 41-47;FOX NEOPREN Stiefel Gummistiefel Jagd Ansitzstiefel oliv 41-47;FOX NEOPREN Stiefel Gummistiefel Jagd Ansitzstiefel oliv 41-47
192766;Outdoor Security-Boots 9-Loch schwarz, Gr. 38 - 47;Outdoor Security-Boots 9-Loch schwarz, Gr. 38 - 47;Outdoor Security-Boots 9-Loch schwarz, Gr. 38 - 47
192779;MFH Stiefel, FOX-Adventure-DeLux, Nylon-Leder, gefüttert ;MFH Stiefel, FOX-Adventure-DeLux, Nylon-Leder, gefüttert ;MFH Stiefel, FOX-Adventure-DeLux, Nylon-Leder, gefüttert 
192839;FOX Outdoor LED Leuchte Alugehäuse 26355 Taschenlampe ;FOX Outdoor LED Leuchte Alugehäuse 26355 Taschenlampe ;FOX Outdoor LED Leuchte Alugehäuse 26355 Taschenlampe 
192851;Tarnnetz, 2 x 3 m, hunter-braun, mit PVC-Tragebeutel;Tarnnetz, 2 x 3 m, hunter-braun, mit PVC-Tragebeutel;Tarnnetz, 2 x 3 m, hunter-braun, mit PVC-Tragebeutel
192855;MFH Klebeband hunterbraun 28331 ;MFH Klebeband hunterbraun 28331 ;MFH Klebeband hunterbraun 28331 
192856;Spanngurt MFH 25 mm ;Spanngurt MFH 25 mm ;Spanngurt MFH 25 mm 
192857;Spanngurt, oliv, 38mm, 4,8 m, Zurrkraft 1200 Kg ;Spanngurt, oliv, 38mm, 4,8 m, Zurrkraft 1200 Kg ;Spanngurt, oliv, 38mm, 4,8 m, Zurrkraft 1200 Kg 
192859;MFH Tasche Lap schwarz 30003A Tasche;MFH Tasche Lap schwarz 30003A Tasche;MFH Tasche Lap schwarz 30003A Tasche
192860;MFH Notebook-Tasche flecktarn 30005V Tasche;MFH Notebook-Tasche flecktarn 30005V Tasche;MFH Notebook-Tasche flecktarn 30005V Tasche
192864;"MFH Bundeswehr BW Aktentasche ""Lap"" 30213V Tasche";"MFH Bundeswehr BW Aktentasche ""Lap"" 30213V Tasche";"MFH Bundeswehr BW Aktentasche ""Lap"" 30213V Tasche"
192865;MFH Bundeswehr BW Kampfrucksack 25L 30233V Rucksack ;MFH Bundeswehr BW Kampfrucksack 25L 30233V Rucksack ;MFH Bundeswehr BW Kampfrucksack 25L 30233V Rucksack 
192866;Bundeswehr BW KAMPFRUCKSACK Rucksack Outdoor Trekking Camping Bundeswehr flecktarn;Bundeswehr BW KAMPFRUCKSACK Rucksack Outdoor Trekking Camping Bundeswehr flecktarn;Bundeswehr BW KAMPFRUCKSACK Rucksack Outdoor Trekking Camping Bundeswehr flecktarn
192871;Bundeswehr BW GEBIRGSRUCKSACK Bundeswehr Rucksack Trekking Outdoor Army flecktarn ;Bundeswehr BW GEBIRGSRUCKSACK Bundeswehr Rucksack Trekking Outdoor Army flecktarn ;Bundeswehr BW GEBIRGSRUCKSACK Bundeswehr Rucksack Trekking Outdoor Army flecktarn 
192873;Bundeswehr BW Gebirgsrucksack, altes Mod. oliv, gepolst. Rückentragegurt;Bundeswehr BW Gebirgsrucksack, altes Mod. oliv, gepolst. Rückentragegurt;Bundeswehr BW Gebirgsrucksack, altes Mod. oliv, gepolst. Rückentragegurt
192879;Expander, 90 cm, mit Haken, oliv;Expander, 90 cm, mit Haken, oliv;Expander, 90 cm, mit Haken, oliv
192880;MFH Bundeswehr BW Waschzeugtasche CORDURA flecktarn 30481V Unisex Kulturbeutel;MFH Bundeswehr BW Waschzeugtasche CORDURA flecktarn 30481V Unisex Kulturbeutel;MFH Bundeswehr BW Waschzeugtasche CORDURA flecktarn 30481V Unisex Kulturbeutel
192882;MFH Bundeswehr BW Waschzeugtasche oliv 30493B Unisex Kulturbeutel ;MFH Bundeswehr BW Waschzeugtasche oliv 30493B Unisex Kulturbeutel ;MFH Bundeswehr BW Waschzeugtasche oliv 30493B Unisex Kulturbeutel 
192883;MFH Falteimer, oliv 30513B Eimer;MFH Falteimer, oliv 30513B Eimer;MFH Falteimer, oliv 30513B Eimer
192884;MFH Faltschüssel, oliv 30515B Schüssel;MFH Faltschüssel, oliv 30515B Schüssel;MFH Faltschüssel, oliv 30515B Schüssel
192885;MFH Transportbeutel, wasserdicht, 10L, oliv 30520B Beutel ;MFH Transportbeutel, wasserdicht, 10L, oliv 30520B Beutel ;MFH Transportbeutel, wasserdicht, 10L, oliv 30520B Beutel 
192886;MFH Transportbeutel, wasserdicht, 20L, oliv 30521B Beutel ;MFH Transportbeutel, wasserdicht, 20L, oliv 30521B Beutel ;MFH Transportbeutel, wasserdicht, 20L, oliv 30521B Beutel 
192906;Bundeswehr BW SPORTTASCHE Sport Bundeswehr Army Einsatztasche Bag flecktarn Nylon ;Bundeswehr BW SPORTTASCHE Sport Bundeswehr Army Einsatztasche Bag flecktarn Nylon ;Bundeswehr BW SPORTTASCHE Sport Bundeswehr Army Einsatztasche Bag flecktarn Nylon 
192907;MFH CZ Feldtasche, Typ 95, CZ tarn 30655J Unisex Tasche ;MFH CZ Feldtasche, Typ 95, CZ tarn 30655J Unisex Tasche ;MFH CZ Feldtasche, Typ 95, CZ tarn 30655J Unisex Tasche 
192908;Bundeswehr BW Spatentasche für Trageausrüstung, flecktarn;Bundeswehr BW Spatentasche für Trageausrüstung, flecktarn;Bundeswehr BW Spatentasche für Trageausrüstung, flecktarn
192913;Hip Bag, SECURITY, schwarz, 30701A;Hip Bag, SECURITY, schwarz, 30701A;Hip Bag, SECURITY, schwarz, 30701A
192914;Gürtel-Umhängetasche, schwarz;Gürtel-Umhängetasche, schwarz;Gürtel-Umhängetasche, schwarz
192931;MFH Ausweishülle, flecktarn 30903V Unisex Ausweis Hülle;MFH Ausweishülle, flecktarn 30903V Unisex Ausweis Hülle;MFH Ausweishülle, flecktarn 30903V Unisex Ausweis Hülle
192932;MFH Nylongeldbörse, flecktarn 30913V Unisex Geldbeutel;MFH Nylongeldbörse, flecktarn 30913V Unisex Geldbeutel;MFH Nylongeldbörse, flecktarn 30913V Unisex Geldbeutel
192937;MFH Nylongeldbörse mit Klettverschluss, CZ tarn 30929J Unisex Geldbeutel;MFH Nylongeldbörse mit Klettverschluss, CZ tarn 30929J Unisex Geldbeutel;MFH Nylongeldbörse mit Klettverschluss, CZ tarn 30929J Unisex Geldbeutel
192940;Terminplaner Deluxe A5 Cordura flecktarn;Terminplaner Deluxe A5 Cordura flecktarn;Terminplaner Deluxe A5 Cordura flecktarn
192942;Schreibmappe Deluxe A5 Cordura flecktarn;Schreibmappe Deluxe A5 Cordura flecktarn;Schreibmappe Deluxe A5 Cordura flecktarn
192943;Schreibmappe A4 mit Register, Blätter, Kartenfach flecktarn;Schreibmappe A4 mit Register, Blätter, Kartenfach flecktarn;Schreibmappe A4 mit Register, Blätter, Kartenfach flecktarn
192948;US Army Iso Matte Isomatte grün, Gr. 70x180x1,2 cm;US Army Iso Matte Isomatte grün, Gr. 70x180x1,2 cm;US Army Iso Matte Isomatte grün, Gr. 70x180x1,2 cm
192952;Bundeswehr BW Thermomatte selbstaufblasbar oliv 188x75x3,5 cm;Bundeswehr BW Thermomatte selbstaufblasbar oliv 188x75x3,5 cm;Bundeswehr BW Thermomatte selbstaufblasbar oliv 188x75x3,5 cm
192953;Thermokissen, Sitzkissen selbstaufblasend;Thermokissen, Sitzkissen selbstaufblasend;Thermokissen, Sitzkissen selbstaufblasend
192954;Reise Camping Hängematte mit Tasche Hänge Schaukel oliv;Reise Camping Hängematte mit Tasche Hänge Schaukel oliv;Reise Camping Hängematte mit Tasche Hänge Schaukel oliv
192955;Camping CANVAS Tuch Hängematte Hänge Schaukel oliv;Camping CANVAS Tuch Hängematte Hänge Schaukel oliv;Camping CANVAS Tuch Hängematte Hänge Schaukel oliv
192956;"Hängematte, ""Jungle"" mit Dach, Moskitonetz, oliv, Gr.220 x 75";"Hängematte, ""Jungle"" mit Dach, Moskitonetz, oliv, Gr.220 x 75";"Hängematte, ""Jungle"" mit Dach, Moskitonetz, oliv, Gr.220 x 75"
192961;FOX Outdoor Dreibein Hängestuhl oliv;FOX Outdoor Dreibein Hängestuhl oliv;FOX Outdoor Dreibein Hängestuhl oliv
192964;"Max Fuchs Indianer Zelt, ""Tipi"", oliv, Mittelmast, Gr. 290x270x225 cm";"Max Fuchs Indianer Zelt, ""Tipi"", oliv, Mittelmast, Gr. 290x270x225 cm";"Max Fuchs Indianer Zelt, ""Tipi"", oliv, Mittelmast, Gr. 290x270x225 cm"
192969;Tunnelzelt Falkenstein oliv;Tunnelzelt Falkenstein oliv;Tunnelzelt Falkenstein oliv
192970;Abdeckplane mit extra Randverstärkung 7,5 x 5,0 m;Abdeckplane mit extra Randverstärkung 7,5 x 5,0 m;Abdeckplane mit extra Randverstärkung 7,5 x 5,0 m
192971;US Army Plastik Feldflasche ohne Bezug oliv;US Army Plastik Feldflasche ohne Bezug oliv;US Army Plastik Feldflasche ohne Bezug oliv
192977;Fernglas Monokular Monocular, woodland, 10x25;Fernglas Monokular Monocular, woodland, 10x25;Fernglas Monokular Monocular, woodland, 10x25
192978;Fernglas, faltbar 8 x 21, woodland,Ruby Linse, Tasche;Fernglas, faltbar 8 x 21, woodland,Ruby Linse, Tasche;Fernglas, faltbar 8 x 21, woodland,Ruby Linse, Tasche
192980;Fernglas, faltbar, 10 x 50, woodland, Ruby Linse, Tasche;Fernglas, faltbar, 10 x 50, woodland, Ruby Linse, Tasche;Fernglas, faltbar, 10 x 50, woodland, Ruby Linse, Tasche
192981;Max Fuchs Fernglas, faltbar 20 x 50, schwarz, Kunststofftasche;Max Fuchs Fernglas, faltbar 20 x 50, schwarz, Kunststofftasche;Max Fuchs Fernglas, faltbar 20 x 50, schwarz, Kunststofftasche
192995;"US Army Polizeiabzeichen, ""Special Police"", silber, Anstecknadel ";"US Army Polizeiabzeichen, ""Special Police"", silber, Anstecknadel ";"US Army Polizeiabzeichen, ""Special Police"", silber, Anstecknadel "
192999;Max Fuchs Regenschirm, flecktarn, Durchmesser 1,05 m;Max Fuchs Regenschirm, flecktarn, Durchmesser 1,05 m;Max Fuchs Regenschirm, flecktarn, Durchmesser 1,05 m
193278;Gesichtsschutzmaske Airsoft Gesichtsschutz Maske Paintball Softair;Gesichtsschutzmaske Airsoft Gesichtsschutz Maske Paintball Softair;Gesichtsschutzmaske Airsoft Gesichtsschutz Maske Paintball Softair
193280;MFH Einsatz Tasche schwarz 30007A Tasche ;MFH Einsatz Tasche schwarz 30007A Tasche ;MFH Einsatz Tasche schwarz 30007A Tasche 
193311;MFH Gasheizer mit Piezo-Zündung 33793 Heizstrahler ;MFH Gasheizer mit Piezo-Zündung 33793 Heizstrahler ;MFH Gasheizer mit Piezo-Zündung 33793 Heizstrahler 
193424;"Baseball Cap flach ""Totenkopf"" schwarz verstellbarer Klemmverschluss";"Baseball Cap flach ""Totenkopf"" schwarz verstellbarer Klemmverschluss";"Baseball Cap flach ""Totenkopf"" schwarz verstellbarer Klemmverschluss"
193865;sen-Reparaturset mit Werkzeug;sen-Reparaturset mit Werkzeug;sen-Reparaturset mit Werkzeug
193866;Großer Aluminium Kochf mit Deckel / Durchmesser 36 cm Höhe 33.50 cm;Großer Aluminium Kochf mit Deckel / Durchmesser 36 cm Höhe 33.50 cm;Großer Aluminium Kochf mit Deckel / Durchmesser 36 cm Höhe 33.50 cm
193867;Mittelgroßer Aluminium Kochf / Durchmesser 27 cm Höhe 25 cm;Mittelgroßer Aluminium Kochf / Durchmesser 27 cm Höhe 25 cm;Mittelgroßer Aluminium Kochf / Durchmesser 27 cm Höhe 25 cm
193868;Aluminium Kochf / Durchmesser 23 cm Höhe 23 cm;Aluminium Kochf / Durchmesser 23 cm Höhe 23 cm;Aluminium Kochf / Durchmesser 23 cm Höhe 23 cm
193869;Bundeswehr BW Marine-Taschenmesser, schwarz, Marlspieker ;Bundeswehr BW Marine-Taschenmesser, schwarz, Marlspieker ;Bundeswehr BW Marine-Taschenmesser, schwarz, Marlspieker 
193870;Klappmesser WORKER, Einhand, für Cutterklingen;Klappmesser WORKER, Einhand, für Cutterklingen;Klappmesser WORKER, Einhand, für Cutterklingen
193944;Camping Kunststoffgeschirr, oliv, Falttasse, Besteck;Camping Kunststoffgeschirr, oliv, Falttasse, Besteck;Camping Kunststoffgeschirr, oliv, Falttasse, Besteck
194066;Bundeswehr BW Schneetarnanzug, 2-teilig Hose und Jacke;Bundeswehr BW Schneetarnanzug, 2-teilig Hose und Jacke;Bundeswehr BW Schneetarnanzug, 2-teilig Hose und Jacke
194754;MFH US Army T-Shirt XS-3XL;MFH US Army T-Shirt XS-3XL;MFH US Army T-Shirt XS-3XL
195248;Pro Company US Army T-Shirt 180g halbarm;Pro Company US Army T-Shirt 180g halbarm;Pro Company US Army T-Shirt 180g halbarm
197383;"MFH ""Ghillie Suit"" 07703 Tarnanzug";"MFH ""Ghillie Suit"" 07703 Tarnanzug";"MFH ""Ghillie Suit"" 07703 Tarnanzug"
197391;US Army Poncho, Rip S, Mod., Gr. 144 x 223 cm;US Army Poncho, Rip S, Mod., Gr. 144 x 223 cm;US Army Poncho, Rip S, Mod., Gr. 144 x 223 cm
197520;Rundschal, Fleece, Acryl-Spandex;Rundschal, Fleece, Acryl-Spandex;Rundschal, Fleece, Acryl-Spandex
197744;"Gesichtsschutzmaske ""Airsoft De Lux"", schwarz oder oliv, Airsoftmaske";"Gesichtsschutzmaske ""Airsoft De Lux"", schwarz oder oliv, Airsoftmaske";"Gesichtsschutzmaske ""Airsoft De Lux"", schwarz oder oliv, Airsoftmaske"
197922;USMC Buschhut mit Kinnband;USMC Buschhut mit Kinnband;USMC Buschhut mit Kinnband
197954;Rollmütze Fleece hunter snow orange Thinsulatefütterung;Rollmütze Fleece hunter snow orange Thinsulatefütterung;Rollmütze Fleece hunter snow orange Thinsulatefütterung
197955;"Jeep-Cap, ""Arctic""";"Jeep-Cap, ""Arctic""";"Jeep-Cap, ""Arctic"""
197957;Trendy US Jeep-Cap, Acryl;Trendy US Jeep-Cap, Acryl;Trendy US Jeep-Cap, Acryl
197958;Balaclava 1 Loch Skihaube Schwarz,Acryl Offen;Balaclava 1 Loch Skihaube Schwarz,Acryl Offen;Balaclava 1 Loch Skihaube Schwarz,Acryl Offen
197959;Balaclava Sturmhaube Sturmmaske, 3-Loch, dünn, 100 % Baumwolle;Balaclava Sturmhaube Sturmmaske, 3-Loch, dünn, 100 % Baumwolle;Balaclava Sturmhaube Sturmmaske, 3-Loch, dünn, 100 % Baumwolle
197968;Sturmhaube 3-loch Acryl ;Sturmhaube 3-loch Acryl ;Sturmhaube 3-loch Acryl 
197969;Balaclava Sturmhaube Sturmmaske 1 Loch, schwarz, Polyester-Fleece;Balaclava Sturmhaube Sturmmaske 1 Loch, schwarz, Polyester-Fleece;Balaclava Sturmhaube Sturmmaske 1 Loch, schwarz, Polyester-Fleece
197970;Rollmütze Acryl schwarz;Rollmütze Acryl schwarz;Rollmütze Acryl schwarz
197976;"Rollmütze Acryl fein gestrickt kurz ""PC""";"Rollmütze Acryl fein gestrickt kurz ""PC""";"Rollmütze Acryl fein gestrickt kurz ""PC"""
198184;Sniper Schal Gr. 160 x 70 cm;Sniper Schal Gr. 160 x 70 cm;Sniper Schal Gr. 160 x 70 cm
198186;Netzschal, 190 x 90 cm;Netzschal, 190 x 90 cm;Netzschal, 190 x 90 cm
198520;MFH Notebook-Tasche woodland 30005T Tasche;MFH Notebook-Tasche woodland 30005T Tasche;MFH Notebook-Tasche woodland 30005T Tasche
198521;Bundeswehr BW Kampftasche, klein, 30103A ;Bundeswehr BW Kampftasche, klein, 30103A ;Bundeswehr BW Kampftasche, klein, 30103A 
198568;MFH Netzbeutel mit Kordel, oliv 30510B Beutel;MFH Netzbeutel mit Kordel, oliv 30510B Beutel;MFH Netzbeutel mit Kordel, oliv 30510B Beutel
198710;Pistolentasche, schwarz, gefüttert;Pistolentasche, schwarz, gefüttert;Pistolentasche, schwarz, gefüttert
198752;Gürteltasche, Security mit div.Taschen;Gürteltasche, Security mit div.Taschen;Gürteltasche, Security mit div.Taschen
198760;Bundeswehr BW Paintball Tactical Weste;Bundeswehr BW Paintball Tactical Weste;Bundeswehr BW Paintball Tactical Weste
198783;Abdeckplane mit extra Randverstärkung 6,2 x 3,2 m;Abdeckplane mit extra Randverstärkung 6,2 x 3,2 m;Abdeckplane mit extra Randverstärkung 6,2 x 3,2 m
198787;Edelstahl Flachmann Bezug 6 OZ, 170 ml;Edelstahl Flachmann Bezug 6 OZ, 170 ml;Edelstahl Flachmann Bezug 6 OZ, 170 ml
198910;"Fliegeruhr ""Pilot Automatik"" Holzkasten";"Fliegeruhr ""Pilot Automatik"" Holzkasten";"Fliegeruhr ""Pilot Automatik"" Holzkasten"
198922;Stoff (Deko), 51276;Stoff (Deko), 51276;Stoff (Deko), 51276
199089;MFH Taschenlampe 3 Watt Led Mittel Wiederaufladbar, schwarz ;MFH Taschenlampe 3 Watt Led Mittel Wiederaufladbar, schwarz ;MFH Taschenlampe 3 Watt Led Mittel Wiederaufladbar, schwarz 
199108;Fingerhandschuhe Neopren Worker schwarz ;Fingerhandschuhe Neopren Worker schwarz ;Fingerhandschuhe Neopren Worker schwarz 
199142;ADIDAS Herren Tennis Shirt M Comp CYD LS weiß P44922;ADIDAS Herren Tennis Shirt M Comp CYD LS weiß P44922;ADIDAS Herren Tennis Shirt M Comp CYD LS weiß P44922
199144;ASICS SCHUHE ONITSUKA PIXIEGIRL TIGER in schwarz ;ASICS SCHUHE ONITSUKA PIXIEGIRL TIGER in schwarz ;ASICS SCHUHE ONITSUKA PIXIEGIRL TIGER in schwarz 
199150;Stirnlampe, 3 Watt LED, Fokus, Alu-Gehäuse, 3 AAA-Batterie;Stirnlampe, 3 Watt LED, Fokus, Alu-Gehäuse, 3 AAA-Batterie;Stirnlampe, 3 Watt LED, Fokus, Alu-Gehäuse, 3 AAA-Batterie
199151;Dynamo-Kurbellampe, schwarz, 3 LED;Dynamo-Kurbellampe, schwarz, 3 LED;Dynamo-Kurbellampe, schwarz, 3 LED
199152;Stablampe 3 Watt LED, Mini, Fokus, schwarz, Länge: 12 cm;Stablampe 3 Watt LED, Mini, Fokus, schwarz, Länge: 12 cm;Stablampe 3 Watt LED, Mini, Fokus, schwarz, Länge: 12 cm
199153;Stablampe 3 Watt LED, klein, schwarz, Länge: 14 cm;Stablampe 3 Watt LED, klein, schwarz, Länge: 14 cm;Stablampe 3 Watt LED, klein, schwarz, Länge: 14 cm
199154;Stablampe 5 Watt LED, groß, schwarz, 3 D-Cell Batterien;Stablampe 5 Watt LED, groß, schwarz, 3 D-Cell Batterien;Stablampe 5 Watt LED, groß, schwarz, 3 D-Cell Batterien
199155;Stablampe 5 Watt LED, mittel, schwarz, 3 C-Cell Batterien;Stablampe 5 Watt LED, mittel, schwarz, 3 C-Cell Batterien;Stablampe 5 Watt LED, mittel, schwarz, 3 C-Cell Batterien
199176;Outdoor Schuhspikes mit Metallspiralen in schwarz;Outdoor Schuhspikes mit Metallspiralen in schwarz;Outdoor Schuhspikes mit Metallspiralen in schwarz
199179;Outdoor Schuhspikes mit Sandpapier für Eisglätte;Outdoor Schuhspikes mit Sandpapier für Eisglätte;Outdoor Schuhspikes mit Sandpapier für Eisglätte
199221;Outdoor-Schuh, Travel FO, Softshell, schwarz ;Outdoor-Schuh, Travel FO, Softshell, schwarz ;Outdoor-Schuh, Travel FO, Softshell, schwarz 
199294;Email-Tasse weiß-blau 0,3 Liter Durchmesser 8 cm;Email-Tasse weiß-blau 0,3 Liter Durchmesser 8 cm;Email-Tasse weiß-blau 0,3 Liter Durchmesser 8 cm
199295;Email-Tasse blau 0,35 Liter Durchmesser 8 cm;Email-Tasse blau 0,35 Liter Durchmesser 8 cm;Email-Tasse blau 0,35 Liter Durchmesser 8 cm
199310;Schulter-Umhängetasche, Deluxe, schwarz;Schulter-Umhängetasche, Deluxe, schwarz;Schulter-Umhängetasche, Deluxe, schwarz
199313;Lederhandschuhe mit Knöchel und Schnittschutz;Lederhandschuhe mit Knöchel und Schnittschutz;Lederhandschuhe mit Knöchel und Schnittschutz
199357;Neopren Handschuhe, schwarz, Knöchel- und Fingerschutz ;Neopren Handschuhe, schwarz, Knöchel- und Fingerschutz ;Neopren Handschuhe, schwarz, Knöchel- und Fingerschutz 
199381;"MFH Steinschleuder ""Deluxe"", schwarz/oliv, AB 18 JAHREN! 38303 Stein Schleuder";"MFH Steinschleuder ""Deluxe"", schwarz/oliv, AB 18 JAHREN! 38303 Stein Schleuder";"MFH Steinschleuder ""Deluxe"", schwarz/oliv, AB 18 JAHREN! 38303 Stein Schleuder"
199382;"MFH Steinschleuder ""Fun"", schwarz/oliv, AB 18 JAHREN! 38313 Stein Schleuder ";"MFH Steinschleuder ""Fun"", schwarz/oliv, AB 18 JAHREN! 38313 Stein Schleuder ";"MFH Steinschleuder ""Fun"", schwarz/oliv, AB 18 JAHREN! 38313 Stein Schleuder "
199383;Ersatzgummi für Steinschleuder, oliv;Ersatzgummi für Steinschleuder, oliv;Ersatzgummi für Steinschleuder, oliv
199384;"MFH Gesichtsschutzmaske ""Fight"", schwarz 10610A Unisex Paintball Schutzmaske";"MFH Gesichtsschutzmaske ""Fight"", schwarz 10610A Unisex Paintball Schutzmaske";"MFH Gesichtsschutzmaske ""Fight"", schwarz 10610A Unisex Paintball Schutzmaske"
199385;"MFH Gesichtsschutzmaske ""Fight"", digital woodland 10610S Unisex Paintball Schutzmaske";"MFH Gesichtsschutzmaske ""Fight"", digital woodland 10610S Unisex Paintball Schutzmaske";"MFH Gesichtsschutzmaske ""Fight"", digital woodland 10610S Unisex Paintball Schutzmaske"
199386;Microfasertuch, oliv, 30 x 50 cm, 10 St. Pack;Microfasertuch, oliv, 30 x 50 cm, 10 St. Pack;Microfasertuch, oliv, 30 x 50 cm, 10 St. Pack
199457;"Schneeschuhe, ""Haidel"", Alu-Rahmen, Schnellverschluss";"Schneeschuhe, ""Haidel"", Alu-Rahmen, Schnellverschluss";"Schneeschuhe, ""Haidel"", Alu-Rahmen, Schnellverschluss"
199458;Wurfzelt, Rachel, oliv, Größe: 220 x 145 x 110 cm;Wurfzelt, Rachel, oliv, Größe: 220 x 145 x 110 cm;Wurfzelt, Rachel, oliv, Größe: 220 x 145 x 110 cm
202079;"ADIDAS Shirt ""ADI TEE TREFOIL"" Damen weiß";"ADIDAS Shirt ""ADI TEE TREFOIL"" Damen weiß";"ADIDAS Shirt ""ADI TEE TREFOIL"" Damen weiß"
202080;ADIDAS Hooded Soccer Sweatshirt mit Kapuze, Kapuzenpullover ;ADIDAS Hooded Soccer Sweatshirt mit Kapuze, Kapuzenpullover ;ADIDAS Hooded Soccer Sweatshirt mit Kapuze, Kapuzenpullover 
202081;ADIDAS Kinder Trainingsjacke mit Kapuze Sweatjacke Kapuzenjacke, rot, ;ADIDAS Kinder Trainingsjacke mit Kapuze Sweatjacke Kapuzenjacke, rot, ;ADIDAS Kinder Trainingsjacke mit Kapuze Sweatjacke Kapuzenjacke, rot, 
202082;ADIDAS Climawarm Herren Fleece-Sweatshirt schwarz-rot Größe ;ADIDAS Climawarm Herren Fleece-Sweatshirt schwarz-rot Größe ;ADIDAS Climawarm Herren Fleece-Sweatshirt schwarz-rot Größe 
202083;ADIDAS Damen Trainingshose Pres. Pant blau;ADIDAS Damen Trainingshose Pres. Pant blau;ADIDAS Damen Trainingshose Pres. Pant blau
202084;ADIDAS Deutschland Handball Herren Trikot rot;ADIDAS Deutschland Handball Herren Trikot rot;ADIDAS Deutschland Handball Herren Trikot rot
202087;Softshell Jacke CME Damen;Softshell Jacke CME Damen;Softshell Jacke CME Damen
202089;Familienzelt Campingzelt Tunnelzelt 6 Personen Zelt ;Familienzelt Campingzelt Tunnelzelt 6 Personen Zelt ;Familienzelt Campingzelt Tunnelzelt 6 Personen Zelt 
202090;Tommy Hilfiger Herren Pullover PACIFIC V-NECK ;Tommy Hilfiger Herren Pullover PACIFIC V-NECK ;Tommy Hilfiger Herren Pullover PACIFIC V-NECK 
202091;Tommy Hilfiger Herren Pullover PACIFIC V-NECK ;Tommy Hilfiger Herren Pullover PACIFIC V-NECK ;Tommy Hilfiger Herren Pullover PACIFIC V-NECK 
202092;Plenty Paket;Plenty Paket;Plenty Paket
202093;Schneeschuhe Haidel + Trekkingstöcke von FOX Outdoor;Schneeschuhe Haidel + Trekkingstöcke von FOX Outdoor;Schneeschuhe Haidel + Trekkingstöcke von FOX Outdoor
202094;Tunnelzelt Hochstein 2 Personen + Kochgeschirr +2 Schlafsack + 2 Isomatte;Tunnelzelt Hochstein 2 Personen + Kochgeschirr +2 Schlafsack + 2 Isomatte;Tunnelzelt Hochstein 2 Personen + Kochgeschirr +2 Schlafsack + 2 Isomatte
202095;Bandana Biker Kopftuch;Bandana Biker Kopftuch;Bandana Biker Kopftuch
202096;Puma LOGO HOODED SWEAT Fleece blau;Puma LOGO HOODED SWEAT Fleece blau;Puma LOGO HOODED SWEAT Fleece blau
202097;ADIDAS Neckholder Träger Shirt Pink mit Stickerei;ADIDAS Neckholder Träger Shirt Pink mit Stickerei;ADIDAS Neckholder Träger Shirt Pink mit Stickerei
202098;ADIDAS Damen Fitness T-Shirt Fuse Moves rosa ;ADIDAS Damen Fitness T-Shirt Fuse Moves rosa ;ADIDAS Damen Fitness T-Shirt Fuse Moves rosa 
202099;ADIDAS Hiking Wanderjacke Regenjacke blau;ADIDAS Hiking Wanderjacke Regenjacke blau;ADIDAS Hiking Wanderjacke Regenjacke blau
202101;ADIDAS Damen W HT CPS J Jacket P44344 Regenjacke;ADIDAS Damen W HT CPS J Jacket P44344 Regenjacke;ADIDAS Damen W HT CPS J Jacket P44344 Regenjacke
202102;Schlafsack Duralight, oliv/schwarz;Schlafsack Duralight, oliv/schwarz;Schlafsack Duralight, oliv/schwarz
202103;Bundeswehr BW Kampftasche Umhängetasche Tasche klein;Bundeswehr BW Kampftasche Umhängetasche Tasche klein;Bundeswehr BW Kampftasche Umhängetasche Tasche klein
202104;PLO Pali Tuch mit Fransen ca. 115x110cm;PLO Pali Tuch mit Fransen ca. 115x110cm;PLO Pali Tuch mit Fransen ca. 115x110cm
202105;Kinder BB Cap, mit Schild, größenverstellbar;Kinder BB Cap, mit Schild, größenverstellbar;Kinder BB Cap, mit Schild, größenverstellbar
202107;MFH Bundeswehr BW Rucksack 30L 30323 Unisex Rucksack;MFH Bundeswehr BW Rucksack 30L 30323 Unisex Rucksack;MFH Bundeswehr BW Rucksack 30L 30323 Unisex Rucksack
202108;"Bundeswehr BW Rucksack ""Mountain"" 80L Trekkingrucksack Wanderrucksack";"Bundeswehr BW Rucksack ""Mountain"" 80L Trekkingrucksack Wanderrucksack";"Bundeswehr BW Rucksack ""Mountain"" 80L Trekkingrucksack Wanderrucksack"
202109;HERREN ADIDAS NOV TRACK kn CLIMALITE JACKE SCHWARZ TRAININGSJACKE GR. S-2XL;HERREN ADIDAS NOV TRACK kn CLIMALITE JACKE SCHWARZ TRAININGSJACKE GR. S-2XL;HERREN ADIDAS NOV TRACK kn CLIMALITE JACKE SCHWARZ TRAININGSJACKE GR. S-2XL
202110;ADIDAS T-Shirt CP Light S/S O46379 Herren weiss;ADIDAS T-Shirt CP Light S/S O46379 Herren weiss;ADIDAS T-Shirt CP Light S/S O46379 Herren weiss
202111;ADIDAS Aus Towel big Badehandtuch 135 x 70cm ;ADIDAS Aus Towel big Badehandtuch 135 x 70cm ;ADIDAS Aus Towel big Badehandtuch 135 x 70cm 
202112;KÄRCHER Nass- und Trockensauger A 2574 pt;KÄRCHER Nass- und Trockensauger A 2574 pt;KÄRCHER Nass- und Trockensauger A 2574 pt
202113;ADIDAS Finnland FAF 3S Cap P45213 blau;ADIDAS Finnland FAF 3S Cap P45213 blau;ADIDAS Finnland FAF 3S Cap P45213 blau
